avg_xirr,avg_dd,avg_sharpe,avg_trades,avg_win_rate,experiment,variant,down_days,rvol,trail,hold,entry_mode,label,holdout_xirr,holdout_dd,holdout_sharpe,holdout_trades,holdout_wr
5244.5,-7.1,7.41,1649.0,58.3,gap_filter,gap_0.05,3,1.0,0.02,10,close,gap_filter_gap_0.05_D3_R1.0_T0.02_H10,2782.5,-10.6,7.05,2724,54.3
5683.2,-7.1,7.49,1682.0,58.5,baseline,none,3,1.0,0.02,7,close,baseline_none_D3_R1.0_T0.02_H7,2839.7,-10.4,6.99,2758,54.3
3064.7,-7.6,7.24,1575.0,58.4,gap_filter,gap_0.03,3,1.0,0.02,10,close,gap_filter_gap_0.03_D3_R1.0_T0.02_H10,2184.6,-8.5,6.99,2653,55.1
4747.9,-7.2,7.4,1649.0,58.2,gap_filter,gap_0.05,3,1.0,0.02,7,close,gap_filter_gap_0.05_D3_R1.0_T0.02_H7,2503.6,-10.7,6.98,2724,54.3
6316.3,-7.1,7.46,1682.0,58.5,baseline,none,3,1.0,0.02,10,close,baseline_none_D3_R1.0_T0.02_H10,3200.4,-10.4,6.95,2758,54.2
2829.0,-7.9,7.11,1526.0,58.5,gap_filter,gap_0.02,3,1.0,0.02,10,close,gap_filter_gap_0.02_D3_R1.0_T0.02_H10,2014.2,-7.8,6.94,2588,55.4
2784.4,-7.6,7.19,1575.0,58.3,gap_filter,gap_0.03,3,1.0,0.02,7,close,gap_filter_gap_0.03_D3_R1.0_T0.02_H7,1943.5,-8.3,6.92,2653,55.1
2568.9,-7.7,7.05,1526.0,58.4,gap_filter,gap_0.02,3,1.0,0.02,7,close,gap_filter_gap_0.02_D3_R1.0_T0.02_H7,1777.6,-7.3,6.86,2588,55.4
2491.1,-7.1,6.71,1297.0,59.2,gap_filter,gap_0.05,3,1.5,0.02,10,close,gap_filter_gap_0.05_D3_R1.5_T0.02_H10,1900.5,-10.6,6.68,2222,55.0
2281.7,-7.1,6.67,1297.0,59.1,gap_filter,gap_0.05,3,1.5,0.02,7,close,gap_filter_gap_0.05_D3_R1.5_T0.02_H7,1724.1,-10.6,6.67,2222,55.0
2787.2,-7.1,6.78,1343.0,59.3,baseline,none,3,1.5,0.02,7,close,baseline_none_D3_R1.5_T0.02_H7,1957.0,-10.4,6.65,2282,54.8
3064.6,-7.1,6.77,1343.0,59.3,baseline,none,3,1.5,0.02,10,close,baseline_none_D3_R1.5_T0.02_H10,2189.2,-10.4,6.55,2282,54.7
1341.0,-7.0,6.3,1195.0,58.6,gap_filter,gap_0.03,3,1.5,0.02,7,close,gap_filter_gap_0.03_D3_R1.5_T0.02_H7,1367.8,-9.6,6.47,2092,55.6
1471.1,-7.0,6.31,1195.0,58.7,gap_filter,gap_0.03,3,1.5,0.02,10,close,gap_filter_gap_0.03_D3_R1.5_T0.02_H10,1512.9,-9.6,6.47,2092,55.6
1437.3,-7.9,6.23,1096.0,59.4,gap_filter,gap_0.03,4,1.0,0.02,10,close,gap_filter_gap_0.03_D4_R1.0_T0.02_H10,1599.9,-10.2,6.42,1916,56.6
1338.0,-8.0,6.2,1096.0,59.4,gap_filter,gap_0.03,4,1.0,0.02,7,close,gap_filter_gap_0.03_D4_R1.0_T0.02_H7,1478.9,-10.2,6.4,1916,56.6
2143.8,-8.9,6.23,1162.0,59.3,gap_filter,gap_0.05,4,1.0,0.02,10,close,gap_filter_gap_0.05_D4_R1.0_T0.02_H10,1828.9,-11.1,6.34,1979,55.8
1282.8,-7.9,6.03,1060.0,59.1,gap_filter,gap_0.02,4,1.0,0.02,10,close,gap_filter_gap_0.02_D4_R1.0_T0.02_H10,1407.5,-9.4,6.33,1871,57.1
1330.9,-7.3,6.1,1122.0,58.9,gap_filter,gap_0.02,3,1.5,0.02,10,close,gap_filter_gap_0.02_D3_R1.5_T0.02_H10,1352.2,-10.1,6.32,1981,56.2
2292.0,-8.6,6.32,1193.0,59.4,baseline,none,4,1.0,0.02,7,close,baseline_none_D4_R1.0_T0.02_H7,1796.6,-11.0,6.32,2024,55.6
1988.6,-9.0,6.23,1162.0,59.3,gap_filter,gap_0.05,4,1.0,0.02,7,close,gap_filter_gap_0.05_D4_R1.0_T0.02_H7,1698.5,-11.1,6.31,1979,55.8
1190.1,-8.0,5.99,1060.0,59.1,gap_filter,gap_0.02,4,1.0,0.02,7,close,gap_filter_gap_0.02_D4_R1.0_T0.02_H7,1306.3,-9.4,6.3,1871,57.1
1208.8,-7.2,6.06,1122.0,58.8,gap_filter,gap_0.02,3,1.5,0.02,7,close,gap_filter_gap_0.02_D3_R1.5_T0.02_H7,1227.3,-10.1,6.29,1981,56.2
2485.7,-8.6,6.29,1193.0,59.4,baseline,none,4,1.0,0.02,10,close,baseline_none_D4_R1.0_T0.02_H10,1957.3,-11.0,6.26,2024,55.6
3993.7,-10.0,6.34,1682.0,53.0,t1_entry,next_open,3,1.0,0.02,10,next_open,t1_entry_next_open_D3_R1.0_T0.02_H10,1939.1,-12.2,6.24,2758,51.3
3406.0,-10.0,6.39,1682.0,53.1,t1_entry,next_open,3,1.0,0.02,7,next_open,t1_entry_next_open_D3_R1.0_T0.02_H7,1717.6,-12.2,6.24,2758,51.4
2248.4,-6.6,6.8,1361.0,58.9,vol_follow,volr_1.2,3,1.0,0.02,7,close,vol_follow_volr_1.2_D3_R1.0_T0.02_H7,1597.8,-9.7,6.08,2280,53.6
2409.7,-6.6,6.82,1361.0,59.0,vol_follow,volr_1.2,3,1.0,0.02,10,close,vol_follow_volr_1.2_D3_R1.0_T0.02_H10,1784.1,-9.7,6.06,2280,53.7
1378.9,-7.4,6.03,1052.0,59.6,baseline,none,3,2.0,0.02,7,close,baseline_none_D3_R2.0_T0.02_H7,1320.2,-11.0,5.96,1846,54.8
1159.3,-6.8,5.65,867.0,60.8,gap_filter,gap_0.05,4,1.5,0.02,10,close,gap_filter_gap_0.05_D4_R1.5_T0.02_H10,1099.0,-8.5,5.91,1509,57.6
1201.8,-7.0,5.86,991.0,59.3,gap_filter,gap_0.05,3,2.0,0.02,10,close,gap_filter_gap_0.05_D3_R2.0_T0.02_H10,1248.2,-10.5,5.89,1766,55.0
1282.8,-6.5,5.71,905.0,60.9,baseline,none,4,1.5,0.02,7,close,baseline_none_D4_R1.5_T0.02_H7,1074.9,-8.5,5.89,1569,57.2
1096.6,-7.0,5.86,991.0,59.3,gap_filter,gap_0.05,3,2.0,0.02,7,close,gap_filter_gap_0.05_D3_R2.0_T0.02_H7,1098.2,-10.5,5.89,1766,55.0
1083.2,-6.8,5.6,867.0,60.8,gap_filter,gap_0.05,4,1.5,0.02,7,close,gap_filter_gap_0.05_D4_R1.5_T0.02_H7,998.9,-8.5,5.88,1509,57.6
1522.4,-7.4,6.0,1052.0,59.6,baseline,none,3,2.0,0.02,10,close,baseline_none_D3_R2.0_T0.02_H10,1526.6,-11.0,5.88,1846,54.8
837.9,-6.0,5.46,793.0,60.7,gap_filter,gap_0.03,4,1.5,0.02,10,close,gap_filter_gap_0.03_D4_R1.5_T0.02_H10,968.6,-6.3,5.86,1422,58.4
1856.8,-6.0,6.24,1203.0,59.1,vol_follow,volr_1.5,3,1.0,0.02,7,close,vol_follow_volr_1.5_D3_R1.0_T0.02_H7,1378.2,-8.1,5.86,2036,53.8
775.0,-6.0,5.43,793.0,60.7,gap_filter,gap_0.03,4,1.5,0.02,7,close,gap_filter_gap_0.03_D4_R1.5_T0.02_H7,875.7,-6.3,5.83,1422,58.4
1965.7,-6.0,6.26,1203.0,59.2,vol_follow,volr_1.5,3,1.0,0.02,10,close,vol_follow_volr_1.5_D3_R1.0_T0.02_H10,1522.7,-8.1,5.82,2036,53.9
1372.5,-6.5,5.71,905.0,60.9,baseline,none,4,1.5,0.02,10,close,baseline_none_D4_R1.5_T0.02_H10,1183.3,-8.5,5.81,1569,57.2
2010.9,-8.2,5.75,1343.0,54.1,t1_entry,next_open,3,1.5,0.02,7,next_open,t1_entry_next_open_D3_R1.5_T0.02_H7,1321.4,-10.3,5.78,2282,51.9
3025.5,-7.4,6.85,1469.0,58.3,vol_follow,volr_1.0,3,1.0,0.02,10,close,vol_follow_volr_1.0_D3_R1.0_T0.02_H10,2414.5,-10.2,5.76,2450,53.6
2815.9,-7.4,6.82,1469.0,58.3,vol_follow,volr_1.0,3,1.0,0.02,7,close,vol_follow_volr_1.0_D3_R1.0_T0.02_H7,2182.2,-10.2,5.75,2450,53.6
2319.1,-8.3,5.72,1343.0,54.1,t1_entry,next_open,3,1.5,0.02,10,next_open,t1_entry_next_open_D3_R1.5_T0.02_H10,1480.7,-10.3,5.75,2282,51.8
1521.1,-9.6,5.6,1193.0,54.6,t1_entry,next_open,4,1.0,0.02,7,next_open,t1_entry_next_open_D4_R1.0_T0.02_H7,1218.1,-13.1,5.74,2024,52.8
669.0,-7.3,5.37,880.0,59.4,gap_filter,gap_0.03,3,2.0,0.02,7,close,gap_filter_gap_0.03_D3_R2.0_T0.02_H7,775.9,-8.8,5.71,1601,56.3
1679.2,-9.6,5.56,1193.0,54.6,t1_entry,next_open,4,1.0,0.02,10,next_open,t1_entry_next_open_D4_R1.0_T0.02_H10,1327.5,-13.1,5.71,2024,52.7
740.9,-7.3,5.38,880.0,59.4,gap_filter,gap_0.03,3,2.0,0.02,10,close,gap_filter_gap_0.03_D3_R2.0_T0.02_H10,890.9,-8.8,5.7,1601,56.3
1477.5,-6.9,5.95,1095.0,59.3,vol_follow,volr_1.2,3,1.5,0.02,7,close,vol_follow_volr_1.2_D3_R1.5_T0.02_H7,1149.3,-9.6,5.66,1885,53.8
731.0,-5.9,5.18,744.0,60.5,gap_filter,gap_0.02,4,1.5,0.02,10,close,gap_filter_gap_0.02_D4_R1.5_T0.02_H10,835.2,-6.3,5.62,1350,59.2
1576.8,-7.0,5.96,1095.0,59.4,vol_follow,volr_1.2,3,1.5,0.02,10,close,vol_follow_volr_1.2_D3_R1.5_T0.02_H10,1266.6,-9.6,5.6,1885,53.8
672.7,-5.9,5.13,744.0,60.5,gap_filter,gap_0.02,4,1.5,0.02,7,close,gap_filter_gap_0.02_D4_R1.5_T0.02_H7,758.3,-6.3,5.57,1350,59.2
1085.8,-7.0,5.68,921.0,60.0,vol_follow,volr_1.2,4,1.0,0.02,7,close,vol_follow_volr_1.2_D4_R1.0_T0.02_H7,1084.5,-9.7,5.57,1605,55.1
1042.5,-7.1,5.72,934.0,59.5,vol_follow,volr_1.0,3,2.0,0.02,7,close,vol_follow_volr_1.0_D3_R2.0_T0.02_H7,1082.9,-11.0,5.56,1651,54.4
1183.7,-7.5,5.67,978.0,59.5,vol_follow,volr_1.5,3,1.5,0.02,7,close,vol_follow_volr_1.5_D3_R1.5_T0.02_H7,1002.9,-8.3,5.55,1709,54.2
4590.8,-14.4,6.04,1682.0,53.1,baseline,none,3,1.0,0.03,7,close,baseline_none_D3_R1.0_T0.03_H7,1978.7,-17.9,5.53,2758,50.7
1143.7,-7.1,5.71,934.0,59.5,vol_follow,volr_1.0,3,2.0,0.02,10,close,vol_follow_volr_1.0_D3_R2.0_T0.02_H10,1246.5,-11.0,5.51,1651,54.4
1153.1,-7.0,5.67,921.0,60.0,vol_follow,volr_1.2,4,1.0,0.02,10,close,vol_follow_volr_1.2_D4_R1.0_T0.02_H10,1181.1,-9.7,5.5,1605,55.1
6673.9,-14.7,6.15,1682.0,53.2,baseline,none,3,1.0,0.03,10,close,baseline_none_D3_R1.0_T0.03_H10,2617.0,-18.8,5.5,2758,50.8
4090.9,-14.6,5.9,1649.0,52.9,gap_filter,gap_0.05,3,1.0,0.03,7,close,gap_filter_gap_0.05_D3_R1.0_T0.03_H7,1829.4,-18.2,5.49,2724,50.6
5907.3,-15.2,6.02,1649.0,53.2,gap_filter,gap_0.05,3,1.0,0.03,10,close,gap_filter_gap_0.05_D3_R1.0_T0.03_H10,2369.2,-19.4,5.48,2724,50.7
570.8,-6.5,5.1,801.0,59.1,gap_filter,gap_0.02,3,2.0,0.02,10,close,gap_filter_gap_0.02_D3_R2.0_T0.02_H10,672.6,-8.7,5.47,1476,56.6
1256.1,-7.5,5.66,978.0,59.6,vol_follow,volr_1.5,3,1.5,0.02,10,close,vol_follow_volr_1.5_D3_R1.5_T0.02_H10,1100.8,-8.2,5.46,1709,54.3
518.2,-6.5,5.06,801.0,59.1,gap_filter,gap_0.02,3,2.0,0.02,7,close,gap_filter_gap_0.02_D3_R2.0_T0.02_H7,591.4,-8.7,5.44,1476,56.6
1945.4,-7.1,6.06,1174.0,59.0,vol_follow,volr_1.0,3,1.5,0.02,7,close,vol_follow_volr_1.0_D3_R1.5_T0.02_H7,1639.9,-10.1,5.39,2014,53.9
673.6,-7.0,5.11,696.0,61.7,baseline,none,4,2.0,0.02,7,close,baseline_none_D4_R2.0_T0.02_H7,718.2,-8.1,5.38,1254,57.4
2096.4,-7.2,6.09,1174.0,59.0,vol_follow,volr_1.0,3,1.5,0.02,10,close,vol_follow_volr_1.0_D3_R1.5_T0.02_H10,1787.7,-10.1,5.37,2014,53.9
1497.9,-6.9,5.79,1003.0,60.3,vol_follow,volr_1.0,4,1.0,0.02,7,close,vol_follow_volr_1.0_D4_R1.0_T0.02_H7,1548.7,-9.8,5.35,1754,56.2
898.2,-7.3,5.6,884.0,60.0,vol_follow,volr_1.2,3,2.0,0.02,7,close,vol_follow_volr_1.2_D3_R2.0_T0.02_H7,914.6,-10.4,5.33,1568,54.6
1593.1,-6.9,5.8,1003.0,60.3,vol_follow,volr_1.0,4,1.0,0.02,10,close,vol_follow_volr_1.0_D4_R1.0_T0.02_H10,1663.8,-9.8,5.33,1754,56.2
939.3,-8.0,5.27,801.0,60.9,vol_follow,volr_1.5,4,1.0,0.02,7,close,vol_follow_volr_1.5_D4_R1.0_T0.02_H7,902.3,-9.2,5.3,1419,55.6
3190.8,-14.6,5.53,1526.0,53.7,gap_filter,gap_0.02,3,1.0,0.03,10,close,gap_filter_gap_0.02_D3_R1.0_T0.03_H10,1760.4,-15.9,5.28,2588,52.2
989.0,-7.3,5.59,884.0,60.0,vol_follow,volr_1.2,3,2.0,0.02,10,close,vol_follow_volr_1.2_D3_R2.0_T0.02_H10,1054.5,-10.4,5.28,1568,54.6
3364.8,-16.8,5.6,1575.0,53.2,gap_filter,gap_0.03,3,1.0,0.03,10,close,gap_filter_gap_0.03_D3_R1.0_T0.03_H10,1847.5,-17.5,5.27,2653,50.9
733.6,-7.0,5.07,696.0,61.7,baseline,none,4,2.0,0.02,10,close,baseline_none_D4_R2.0_T0.02_H10,805.1,-8.1,5.26,1254,57.4
2275.9,-14.4,5.37,1526.0,53.5,gap_filter,gap_0.02,3,1.0,0.03,7,close,gap_filter_gap_0.02_D3_R1.0_T0.03_H7,1313.4,-14.6,5.26,2588,52.2
2369.8,-16.1,5.43,1575.0,52.9,gap_filter,gap_0.03,3,1.0,0.03,7,close,gap_filter_gap_0.03_D3_R1.0_T0.03_H7,1396.9,-16.3,5.26,2653,50.8
976.4,-8.0,5.27,801.0,60.9,vol_follow,volr_1.5,4,1.0,0.02,10,close,vol_follow_volr_1.5_D4_R1.0_T0.02_H10,961.3,-9.2,5.22,1419,55.6
993.2,-9.1,5.47,1136.0,57.3,bounce,bounce_0.2,3,1.0,0.02,10,close,bounce_bounce_0.2_D3_R1.0_T0.02_H10,754.1,-10.3,5.21,1937,52.9
980.2,-8.6,5.12,1052.0,54.4,t1_entry,next_open,3,2.0,0.02,7,next_open,t1_entry_next_open_D3_R2.0_T0.02_H7,940.6,-9.5,5.2,1846,52.5
518.3,-7.0,4.89,647.0,61.5,gap_filter,gap_0.05,4,2.0,0.02,7,close,gap_filter_gap_0.05_D4_R2.0_T0.02_H7,599.1,-8.1,5.19,1167,57.8
1125.4,-8.2,5.06,1052.0,54.3,t1_entry,next_open,3,2.0,0.02,10,next_open,t1_entry_next_open_D3_R2.0_T0.02_H10,1091.1,-9.5,5.19,1846,52.5
563.4,-7.0,4.89,647.0,61.5,gap_filter,gap_0.05,4,2.0,0.02,10,close,gap_filter_gap_0.05_D4_R2.0_T0.02_H10,669.3,-8.1,5.18,1167,57.8
953.8,-9.1,5.47,1136.0,57.3,bounce,bounce_0.2,3,1.0,0.02,7,close,bounce_bounce_0.2_D3_R1.0_T0.02_H7,732.1,-10.3,5.18,1937,52.9
722.9,-6.7,5.27,800.0,59.7,vol_follow,volr_1.5,3,2.0,0.02,7,close,vol_follow_volr_1.5_D3_R2.0_T0.02_H7,765.3,-7.7,5.14,1432,54.4
2131.2,-17.0,5.13,1162.0,53.4,gap_filter,gap_0.05,4,1.0,0.03,10,close,gap_filter_gap_0.05_D4_R1.0_T0.03_H10,1338.4,-19.9,5.14,1979,50.7
2354.5,-16.0,5.26,1193.0,53.6,baseline,none,4,1.0,0.03,10,close,baseline_none_D4_R1.0_T0.03_H10,1361.3,-19.1,5.14,2024,50.7
1347.0,-16.1,5.15,1096.0,53.6,gap_filter,gap_0.03,4,1.0,0.03,10,close,gap_filter_gap_0.03_D4_R1.0_T0.03_H10,1163.5,-19.7,5.14,1916,51.4
990.8,-8.2,4.96,905.0,55.7,t1_entry,next_open,4,1.5,0.02,7,next_open,t1_entry_next_open_D4_R1.5_T0.02_H7,811.9,-8.5,5.14,1569,53.9
1079.2,-8.2,4.96,905.0,55.8,t1_entry,next_open,4,1.5,0.02,10,next_open,t1_entry_next_open_D4_R1.5_T0.02_H10,895.2,-8.5,5.13,1569,53.8
396.2,-6.0,4.59,567.0,62.3,gap_filter,gap_0.03,4,2.0,0.02,7,close,gap_filter_gap_0.03_D4_R2.0_T0.02_H7,505.6,-8.0,5.1,1055,59.7
2399.3,-14.1,5.55,1361.0,53.9,vol_follow,volr_1.2,3,1.0,0.03,10,close,vol_follow_volr_1.2_D3_R1.0_T0.03_H10,1380.0,-18.6,5.1,2280,50.7
788.7,-6.7,5.26,800.0,59.7,vol_follow,volr_1.5,3,2.0,0.02,10,close,vol_follow_volr_1.5_D3_R2.0_T0.02_H10,865.0,-7.6,5.09,1432,54.4
433.4,-6.0,4.6,567.0,62.3,gap_filter,gap_0.03,4,2.0,0.02,10,close,gap_filter_gap_0.03_D4_R2.0_T0.02_H10,570.9,-8.0,5.08,1055,59.7
4238.2,-15.5,5.3,1682.0,49.9,t1_entry,next_open,3,1.0,0.03,10,next_open,t1_entry_next_open_D3_R1.0_T0.03_H10,1748.6,-20.0,5.06,2758,48.5
676.1,-7.3,4.96,725.0,60.6,vol_follow,volr_1.2,4,1.5,0.02,7,close,vol_follow_volr_1.2_D4_R1.5_T0.02_H7,633.7,-9.5,5.05,1284,55.5
2182.8,-14.6,5.48,1343.0,53.9,baseline,none,3,1.5,0.03,7,close,baseline_none_D3_R1.5_T0.03_H7,1266.9,-19.5,5.03,2282,51.0
1784.6,-16.3,5.18,1193.0,53.1,baseline,none,4,1.0,0.03,7,close,baseline_none_D4_R1.0_T0.03_H7,1096.6,-19.0,5.02,2024,50.5
1207.1,-16.0,4.98,1060.0,53.3,gap_filter,gap_0.02,4,1.0,0.03,10,close,gap_filter_gap_0.02_D4_R1.0_T0.03_H10,1011.8,-19.4,5.02,1871,51.8
481.1,-7.0,4.78,601.0,61.4,vol_follow,volr_1.0,4,2.0,0.02,7,close,vol_follow_volr_1.0_D4_R2.0_T0.02_H7,567.9,-8.1,5.02,1101,57.5
2763.8,-15.9,5.17,1682.0,49.8,t1_entry,next_open,3,1.0,0.03,7,next_open,t1_entry_next_open_D3_R1.0_T0.03_H7,1304.4,-20.3,5.01,2758,48.7
1932.1,-16.0,5.27,1297.0,53.7,gap_filter,gap_0.05,3,1.5,0.03,7,close,gap_filter_gap_0.05_D3_R1.5_T0.03_H7,1155.8,-22.0,4.99,2222,50.8
2724.9,-14.6,5.7,1469.0,53.0,vol_follow,volr_1.0,3,1.0,0.03,10,close,vol_follow_volr_1.0_D3_R1.0_T0.03_H10,1835.9,-18.5,4.98,2450,50.5
1057.3,-16.4,4.97,1096.0,53.2,gap_filter,gap_0.03,4,1.0,0.03,7,close,gap_filter_gap_0.03_D4_R1.0_T0.03_H7,941.2,-20.1,4.97,1916,51.1
714.1,-7.3,4.96,725.0,60.6,vol_follow,volr_1.2,4,1.5,0.02,10,close,vol_follow_volr_1.2_D4_R1.5_T0.02_H10,696.0,-9.5,4.97,1284,55.5
1621.4,-17.3,5.02,1162.0,53.0,gap_filter,gap_0.05,4,1.0,0.03,7,close,gap_filter_gap_0.05_D4_R1.0_T0.03_H7,1092.7,-19.8,4.96,1979,50.5
2901.4,-14.9,5.55,1343.0,54.0,baseline,none,3,1.5,0.03,10,close,baseline_none_D3_R1.5_T0.03_H10,1599.5,-19.1,4.94,2282,51.0
2569.5,-16.7,5.38,1297.0,54.0,gap_filter,gap_0.05,3,1.5,0.03,10,close,gap_filter_gap_0.05_D3_R1.5_T0.03_H10,1428.2,-22.8,4.92,2222,50.9
520.1,-7.0,4.73,601.0,61.4,vol_follow,volr_1.0,4,2.0,0.02,10,close,vol_follow_volr_1.0_D4_R2.0_T0.02_H10,630.0,-8.1,4.9,1101,57.5
363.3,-6.2,4.33,513.0,61.8,gap_filter,gap_0.02,4,2.0,0.02,10,close,gap_filter_gap_0.02_D4_R2.0_T0.02_H10,468.6,-6.9,4.89,970,60.0
1812.2,-13.6,5.49,1361.0,53.7,vol_follow,volr_1.2,3,1.0,0.03,7,close,vol_follow_volr_1.2_D3_R1.0_T0.03_H7,1079.6,-17.7,4.89,2280,50.6
331.4,-6.2,4.31,513.0,61.8,gap_filter,gap_0.02,4,2.0,0.02,7,close,gap_filter_gap_0.02_D4_R2.0_T0.02_H7,422.4,-6.9,4.89,970,60.0
1841.7,-12.3,5.18,1203.0,54.4,vol_follow,volr_1.5,3,1.0,0.03,10,close,vol_follow_volr_1.5_D3_R1.0_T0.03_H10,1179.2,-14.4,4.88,2036,51.2
958.2,-16.3,4.8,1060.0,52.9,gap_filter,gap_0.02,4,1.0,0.03,7,close,gap_filter_gap_0.02_D4_R1.0_T0.03_H7,830.7,-20.5,4.86,1871,51.6
518.2,-8.7,4.98,813.0,57.9,bounce,bounce_0.2,3,1.5,0.02,7,close,bounce_bounce_0.2_D3_R1.5_T0.02_H7,490.0,-8.1,4.86,1415,53.7
525.3,-8.7,4.99,813.0,57.9,bounce,bounce_0.2,3,1.5,0.02,10,close,bounce_bounce_0.2_D3_R1.5_T0.02_H10,490.8,-8.1,4.85,1415,53.7
1120.9,-13.1,4.68,867.0,54.5,gap_filter,gap_0.05,4,1.5,0.03,10,close,gap_filter_gap_0.05_D4_R1.5_T0.03_H10,842.5,-13.9,4.79,1509,52.2
1539.0,-13.4,5.09,1052.0,53.9,baseline,none,3,2.0,0.03,10,close,baseline_none_D3_R2.0_T0.03_H10,1035.6,-18.9,4.79,1846,51.4
1063.4,-17.2,4.69,1195.0,52.8,gap_filter,gap_0.03,3,1.5,0.03,7,close,gap_filter_gap_0.03_D3_R1.5_T0.03_H7,951.5,-16.8,4.79,2092,50.8
907.1,-7.1,5.0,778.0,61.0,vol_follow,volr_1.0,4,1.5,0.02,7,close,vol_follow_volr_1.0_D4_R1.5_T0.02_H7,915.9,-8.9,4.79,1377,56.6
2104.7,-14.2,5.52,1469.0,52.9,vol_follow,volr_1.0,3,1.0,0.03,7,close,vol_follow_volr_1.0_D3_R1.0_T0.03_H7,1492.3,-17.2,4.78,2450,50.5
1246.1,-12.7,4.81,905.0,54.7,baseline,none,4,1.5,0.03,10,close,baseline_none_D4_R1.5_T0.03_H10,859.4,-13.0,4.78,1569,52.1
964.7,-7.1,5.03,778.0,61.0,vol_follow,volr_1.0,4,1.5,0.02,10,close,vol_follow_volr_1.0_D4_R1.5_T0.02_H10,997.7,-8.9,4.77,1377,56.6
749.8,-12.1,4.6,793.0,54.2,gap_filter,gap_0.03,4,1.5,0.03,10,close,gap_filter_gap_0.03_D4_R1.5_T0.03_H10,754.4,-13.3,4.75,1422,52.7
1385.0,-6.9,5.23,812.0,61.6,baseline,none,5,1.0,0.02,10,close,baseline_none_D5_R1.0_T0.02_H10,1409.0,-9.2,4.74,1416,56.6
1255.5,-7.0,5.21,812.0,61.5,baseline,none,5,1.0,0.02,7,close,baseline_none_D5_R1.0_T0.02_H7,1262.3,-9.2,4.73,1416,56.5
553.8,-7.4,4.69,637.0,60.9,vol_follow,volr_1.5,4,1.5,0.02,7,close,vol_follow_volr_1.5_D4_R1.5_T0.02_H7,511.7,-9.2,4.73,1151,55.3
1013.6,-12.5,4.76,905.0,54.6,baseline,none,4,1.5,0.03,7,close,baseline_none_D4_R1.5_T0.03_H7,723.9,-12.9,4.72,1569,51.9
1396.8,-17.8,4.81,1195.0,53.0,gap_filter,gap_0.03,3,1.5,0.03,10,close,gap_filter_gap_0.03_D3_R1.5_T0.03_H10,1175.7,-17.5,4.71,2092,50.9
1197.3,-7.2,5.21,789.0,61.9,gap_filter,gap_0.05,5,1.0,0.02,10,close,gap_filter_gap_0.05_D5_R1.0_T0.02_H10,1275.9,-9.2,4.71,1384,57.2
510.7,-6.3,4.42,696.0,56.3,t1_entry,next_open,4,2.0,0.02,7,next_open,t1_entry_next_open_D4_R2.0_T0.02_H7,554.5,-7.2,4.7,1254,55.1
995.3,-16.7,4.57,1122.0,53.6,gap_filter,gap_0.02,3,1.5,0.03,7,close,gap_filter_gap_0.02_D3_R1.5_T0.03_H7,852.3,-16.1,4.7,1981,52.4
1109.1,-7.3,5.18,789.0,61.8,gap_filter,gap_0.05,5,1.0,0.02,7,close,gap_filter_gap_0.05_D5_R1.0_T0.02_H7,1169.6,-9.2,4.68,1384,57.0
1267.9,-13.2,4.87,991.0,53.8,gap_filter,gap_0.05,3,2.0,0.03,10,close,gap_filter_gap_0.05_D3_R2.0_T0.03_H10,851.9,-17.6,4.68,1766,51.3
1621.1,-16.5,4.66,1193.0,50.5,t1_entry,next_open,4,1.0,0.03,10,next_open,t1_entry_next_open_D4_R1.0_T0.03_H10,973.9,-19.2,4.67,2024,48.0
1449.8,-12.0,5.09,1203.0,54.0,vol_follow,volr_1.5,3,1.0,0.03,7,close,vol_follow_volr_1.5_D3_R1.0_T0.03_H7,920.2,-14.2,4.67,2036,51.0
565.2,-6.3,4.38,696.0,56.3,t1_entry,next_open,4,2.0,0.02,10,next_open,t1_entry_next_open_D4_R2.0_T0.02_H10,623.5,-7.2,4.66,1254,54.9
902.5,-12.8,4.59,867.0,54.4,gap_filter,gap_0.05,4,1.5,0.03,7,close,gap_filter_gap_0.05_D4_R1.5_T0.03_H7,710.9,-13.7,4.65,1509,51.9
1129.2,-13.6,4.96,1052.0,53.5,baseline,none,3,2.0,0.03,7,close,baseline_none_D3_R2.0_T0.03_H7,812.2,-18.2,4.65,1846,51.1
613.7,-12.4,4.45,793.0,54.1,gap_filter,gap_0.03,4,1.5,0.03,7,close,gap_filter_gap_0.03_D4_R1.5_T0.03_H7,631.0,-13.3,4.63,1422,52.5
570.1,-7.4,4.67,637.0,60.9,vol_follow,volr_1.5,4,1.5,0.02,10,close,vol_follow_volr_1.5_D4_R1.5_T0.02_H10,544.3,-9.2,4.62,1151,55.3
397.9,-6.9,4.55,568.0,61.0,vol_follow,volr_1.2,4,2.0,0.02,7,close,vol_follow_volr_1.2_D4_R2.0_T0.02_H7,460.0,-8.6,4.62,1041,56.9
1297.1,-16.4,4.68,1122.0,53.7,gap_filter,gap_0.02,3,1.5,0.03,10,close,gap_filter_gap_0.02_D3_R1.5_T0.03_H10,1046.9,-17.2,4.61,1981,52.4
1522.2,-13.1,4.89,1095.0,54.3,vol_follow,volr_1.2,3,1.5,0.03,10,close,vol_follow_volr_1.2_D3_R1.5_T0.03_H10,905.1,-15.0,4.59,1885,50.8
1037.6,-13.6,4.65,921.0,54.1,vol_follow,volr_1.2,4,1.0,0.03,10,close,vol_follow_volr_1.2_D4_R1.0_T0.03_H10,943.2,-17.3,4.57,1605,50.5
882.9,-7.2,4.97,745.0,62.1,gap_filter,gap_0.03,5,1.0,0.02,10,close,gap_filter_gap_0.03_D5_R1.0_T0.02_H10,1028.9,-9.2,4.56,1343,57.6
857.8,-7.5,4.77,709.0,61.8,gap_filter,gap_0.02,5,1.0,0.02,10,close,gap_filter_gap_0.02_D5_R1.0_T0.02_H10,1001.6,-9.1,4.53,1294,58.7
814.4,-7.3,4.94,745.0,62.0,gap_filter,gap_0.03,5,1.0,0.02,7,close,gap_filter_gap_0.03_D5_R1.0_T0.02_H7,938.9,-9.2,4.52,1343,57.5
429.3,-6.9,4.51,568.0,61.0,vol_follow,volr_1.2,4,2.0,0.02,10,close,vol_follow_volr_1.2_D4_R2.0_T0.02_H10,511.8,-8.6,4.52,1041,56.9
1029.6,-13.3,4.75,934.0,53.7,vol_follow,volr_1.0,3,2.0,0.03,10,close,vol_follow_volr_1.0_D3_R2.0_T0.03_H10,882.9,-16.1,4.52,1651,51.4
1183.0,-12.8,4.66,978.0,54.8,vol_follow,volr_1.5,3,1.5,0.03,10,close,vol_follow_volr_1.5_D3_R1.5_T0.03_H10,827.3,-14.1,4.51,1709,51.6
1290.9,-13.8,4.73,1003.0,53.8,vol_follow,volr_1.0,4,1.0,0.03,10,close,vol_follow_volr_1.0_D4_R1.0_T0.03_H10,1204.5,-16.9,4.51,1754,50.6
931.7,-13.5,4.71,991.0,53.4,gap_filter,gap_0.05,3,2.0,0.03,7,close,gap_filter_gap_0.05_D3_R2.0_T0.03_H7,687.7,-17.2,4.51,1766,51.1
649.9,-12.6,4.35,744.0,53.7,gap_filter,gap_0.02,4,1.5,0.03,10,close,gap_filter_gap_0.02_D4_R1.5_T0.03_H10,622.1,-12.2,4.51,1350,53.2
849.6,-13.8,4.67,921.0,53.9,vol_follow,volr_1.2,4,1.0,0.03,7,close,vol_follow_volr_1.2_D4_R1.0_T0.03_H7,765.0,-19.0,4.5,1605,50.5
1772.8,-14.2,5.15,1174.0,53.9,vol_follow,volr_1.0,3,1.5,0.03,10,close,vol_follow_volr_1.0_D3_R1.5_T0.03_H10,1238.3,-16.5,4.5,2014,50.8
1207.1,-16.9,4.54,1193.0,50.0,t1_entry,next_open,4,1.0,0.03,7,next_open,t1_entry_next_open_D4_R1.0_T0.03_H7,775.7,-20.0,4.5,2024,48.0
791.7,-7.6,4.75,709.0,61.7,gap_filter,gap_0.02,5,1.0,0.02,7,close,gap_filter_gap_0.02_D5_R1.0_T0.02_H7,924.3,-9.1,4.5,1294,58.5
566.6,-6.5,4.6,606.0,61.4,vol_follow,volr_1.2,5,1.0,0.02,7,close,vol_follow_volr_1.2_D5_R1.0_T0.02_H7,602.4,-8.4,4.49,1063,56.3
1575.0,-18.0,4.65,1343.0,50.5,t1_entry,next_open,3,1.5,0.03,7,next_open,t1_entry_next_open_D3_R1.5_T0.03_H7,913.2,-22.7,4.47,2282,49.1
2207.3,-18.3,4.75,1343.0,50.5,t1_entry,next_open,3,1.5,0.03,10,next_open,t1_entry_next_open_D3_R1.5_T0.03_H10,1159.2,-24.1,4.46,2282,48.8
680.3,-15.0,4.42,880.0,53.1,gap_filter,gap_0.03,3,2.0,0.03,10,close,gap_filter_gap_0.03_D3_R2.0_T0.03_H10,620.7,-17.6,4.45,1601,51.9
1080.9,-9.1,4.7,812.0,56.6,t1_entry,next_open,5,1.0,0.02,10,next_open,t1_entry_next_open_D5_R1.0_T0.02_H10,1010.5,-11.6,4.45,1416,51.8
610.8,-6.6,4.59,606.0,61.6,vol_follow,volr_1.2,5,1.0,0.02,10,close,vol_follow_volr_1.2_D5_R1.0_T0.02_H10,673.4,-8.6,4.45,1063,56.5
1201.6,-12.8,4.82,1095.0,54.3,vol_follow,volr_1.2,3,1.5,0.03,7,close,vol_follow_volr_1.2_D3_R1.5_T0.03_H7,737.3,-14.4,4.44,1885,50.8
731.6,-10.4,4.32,696.0,56.1,baseline,none,4,2.0,0.03,10,close,baseline_none_D4_R2.0_T0.03_H10,624.1,-11.6,4.44,1254,53.4
873.4,-5.7,4.81,667.0,62.2,vol_follow,volr_1.0,5,1.0,0.02,7,close,vol_follow_volr_1.0_D5_R1.0_T0.02_H7,934.2,-6.0,4.43,1173,57.5
586.8,-10.4,4.33,696.0,55.9,baseline,none,4,2.0,0.03,7,close,baseline_none_D4_R2.0_T0.03_H7,526.9,-11.6,4.42,1254,53.3
941.2,-5.8,4.82,667.0,62.3,vol_follow,volr_1.0,5,1.0,0.02,10,close,vol_follow_volr_1.0_D5_R1.0_T0.02_H10,1021.5,-6.2,4.42,1173,57.7
973.1,-9.1,4.72,812.0,56.6,t1_entry,next_open,5,1.0,0.02,7,next_open,t1_entry_next_open_D5_R1.0_T0.02_H7,904.7,-11.6,4.41,1416,51.9
1068.7,-14.0,4.71,1003.0,53.6,vol_follow,volr_1.0,4,1.0,0.03,7,close,vol_follow_volr_1.0_D4_R1.0_T0.03_H7,1016.9,-18.5,4.39,1754,50.6
788.3,-13.3,4.63,934.0,53.5,vol_follow,volr_1.0,3,2.0,0.03,7,close,vol_follow_volr_1.0_D3_R2.0_T0.03_H7,704.5,-16.1,4.39,1651,51.4
539.5,-12.8,4.19,744.0,53.6,gap_filter,gap_0.02,4,1.5,0.03,7,close,gap_filter_gap_0.02_D4_R1.5_T0.03_H7,526.9,-12.2,4.38,1350,53.0
1408.0,-13.9,4.99,1174.0,54.0,vol_follow,volr_1.0,3,1.5,0.03,7,close,vol_follow_volr_1.0_D3_R1.5_T0.03_H7,1047.0,-16.4,4.37,2014,51.0
391.0,-9.0,4.25,616.0,59.0,bounce,bounce_0.2,4,1.0,0.02,10,close,bounce_bounce_0.2_D4_R1.0_T0.02_H10,419.1,-13.8,4.36,1093,54.6
977.2,-12.8,4.61,978.0,54.7,vol_follow,volr_1.5,3,1.5,0.03,7,close,vol_follow_volr_1.5_D3_R1.5_T0.03_H7,670.5,-13.9,4.36,1709,51.5
949.0,-13.5,4.54,884.0,54.3,vol_follow,volr_1.2,3,2.0,0.03,10,close,vol_follow_volr_1.2_D3_R2.0_T0.03_H10,767.7,-18.1,4.36,1568,51.5
826.8,-5.6,4.47,595.0,62.7,baseline,none,5,1.5,0.02,10,close,baseline_none_D5_R1.5_T0.02_H10,934.5,-5.8,4.35,1064,58.5
327.8,-6.0,4.23,450.0,62.3,baseline,none,5,2.0,0.02,7,close,baseline_none_D5_R2.0_T0.02_H7,361.2,-7.2,4.35,819,57.5
753.6,-5.6,4.44,595.0,62.7,baseline,none,5,1.5,0.02,7,close,baseline_none_D5_R1.5_T0.02_H7,832.0,-5.8,4.33,1064,58.5
1241.4,-15.3,4.52,812.0,55.4,baseline,none,5,1.0,0.03,10,close,baseline_none_D5_R1.0_T0.03_H10,1129.1,-18.6,4.31,1416,52.7
374.7,-9.0,4.24,616.0,59.0,bounce,bounce_0.2,4,1.0,0.02,7,close,bounce_bounce_0.2_D4_R1.0_T0.02_H7,399.5,-13.8,4.31,1093,54.6
326.6,-8.3,4.26,613.0,58.0,bounce,bounce_0.2,3,2.0,0.02,7,close,bounce_bounce_0.2_D3_R2.0_T0.02_H7,390.6,-7.7,4.31,1118,54.0
845.8,-12.5,4.32,801.0,55.3,vol_follow,volr_1.5,4,1.0,0.03,10,close,vol_follow_volr_1.5_D4_R1.0_T0.03_H10,778.5,-15.2,4.3,1419,51.4
354.7,-6.0,4.2,450.0,62.3,baseline,none,5,2.0,0.02,10,close,baseline_none_D5_R2.0_T0.02_H10,409.0,-7.2,4.3,819,57.5
1023.4,-16.3,4.53,1136.0,51.7,bounce,bounce_0.2,3,1.0,0.03,10,close,bounce_bounce_0.2_D3_R1.0_T0.03_H10,627.7,-20.5,4.3,1937,49.4
1146.5,-15.1,4.46,789.0,55.9,gap_filter,gap_0.05,5,1.0,0.03,10,close,gap_filter_gap_0.05_D5_R1.0_T0.03_H10,1108.5,-19.2,4.3,1384,53.3
335.3,-8.3,4.26,613.0,58.0,bounce,bounce_0.2,3,2.0,0.02,10,close,bounce_bounce_0.2_D3_R2.0_T0.02_H10,399.9,-7.7,4.3,1118,54.0
323.8,-7.3,4.23,510.0,60.9,vol_follow,volr_1.5,4,2.0,0.02,7,close,vol_follow_volr_1.5_D4_R2.0_T0.02_H7,369.0,-8.9,4.28,942,55.9
714.6,-12.2,4.33,801.0,55.1,vol_follow,volr_1.5,4,1.0,0.03,7,close,vol_follow_volr_1.5_D4_R1.0_T0.03_H7,655.9,-14.6,4.28,1419,51.4
1135.4,-15.7,4.32,1052.0,50.6,t1_entry,next_open,3,2.0,0.03,10,next_open,t1_entry_next_open_D3_R2.0_T0.03_H10,782.7,-18.6,4.28,1846,49.3
577.2,-10.2,4.1,647.0,55.8,gap_filter,gap_0.05,4,2.0,0.03,10,close,gap_filter_gap_0.05_D4_R2.0_T0.03_H10,527.9,-12.2,4.28,1167,53.6
690.5,-5.4,4.41,566.0,62.7,gap_filter,gap_0.05,5,1.5,0.02,10,close,gap_filter_gap_0.05_D5_R1.5_T0.02_H10,827.2,-5.6,4.28,1017,58.8
438.2,-9.0,4.05,567.0,55.8,gap_filter,gap_0.03,4,2.0,0.03,10,close,gap_filter_gap_0.03_D4_R2.0_T0.03_H10,472.8,-11.1,4.28,1055,55.0
505.8,-15.2,4.22,880.0,52.6,gap_filter,gap_0.03,3,2.0,0.03,7,close,gap_filter_gap_0.03_D3_R2.0_T0.03_H7,495.0,-16.7,4.27,1601,51.7
1001.1,-15.5,4.2,905.0,51.4,t1_entry,next_open,4,1.5,0.03,10,next_open,t1_entry_next_open_D4_R1.5_T0.03_H10,691.6,-15.5,4.23,1569,49.7
562.2,-14.3,4.18,801.0,53.2,gap_filter,gap_0.02,3,2.0,0.03,10,close,gap_filter_gap_0.02_D3_R2.0_T0.03_H10,480.9,-16.3,4.23,1476,53.2
644.1,-5.4,4.37,566.0,62.7,gap_filter,gap_0.05,5,1.5,0.02,7,close,gap_filter_gap_0.05_D5_R1.5_T0.02_H7,753.4,-5.6,4.23,1017,58.8
460.6,-10.2,4.07,647.0,55.6,gap_filter,gap_0.05,4,2.0,0.03,7,close,gap_filter_gap_0.05_D4_R2.0_T0.03_H7,453.7,-12.2,4.19,1167,53.5
834.0,-15.7,4.37,1136.0,51.9,bounce,bounce_0.2,3,1.0,0.03,7,close,bounce_bounce_0.2_D3_R1.0_T0.03_H7,557.1,-20.0,4.19,1937,49.7
353.7,-9.1,3.93,567.0,55.5,gap_filter,gap_0.03,4,2.0,0.03,7,close,gap_filter_gap_0.03_D4_R2.0_T0.03_H7,400.3,-11.2,4.19,1055,54.8
716.4,-13.4,4.49,884.0,54.1,vol_follow,volr_1.2,3,2.0,0.03,7,close,vol_follow_volr_1.2_D3_R2.0_T0.03_H7,593.8,-18.2,4.18,1568,51.5
337.4,-7.3,4.19,510.0,60.9,vol_follow,volr_1.5,4,2.0,0.02,10,close,vol_follow_volr_1.5_D4_R2.0_T0.02_H10,393.4,-8.9,4.18,942,55.9
666.4,-11.6,4.16,800.0,54.1,vol_follow,volr_1.5,3,2.0,0.03,10,close,vol_follow_volr_1.5_D3_R2.0_T0.03_H10,612.8,-11.1,4.15,1432,51.9
1010.9,-15.0,4.5,812.0,55.0,baseline,none,5,1.0,0.03,7,close,baseline_none_D5_R1.0_T0.03_H7,932.1,-17.8,4.14,1416,52.2
372.2,-5.7,3.95,461.0,61.8,vol_follow,volr_1.2,5,1.5,0.02,7,close,vol_follow_volr_1.2_D5_R1.5_T0.02_H7,405.7,-8.3,4.14,821,56.9
269.0,-5.3,4.14,417.0,62.1,gap_filter,gap_0.05,5,2.0,0.02,10,close,gap_filter_gap_0.05_D5_R2.0_T0.02_H10,319.2,-7.1,4.14,761,57.4
639.2,-13.2,4.11,725.0,54.3,vol_follow,volr_1.2,4,1.5,0.03,10,close,vol_follow_volr_1.2_D4_R1.5_T0.03_H10,558.7,-21.1,4.13,1284,51.2
412.5,-11.2,3.9,601.0,55.5,vol_follow,volr_1.0,4,2.0,0.03,7,close,vol_follow_volr_1.0_D4_R2.0_T0.03_H7,451.3,-13.1,4.13,1101,53.1
483.8,-11.9,3.82,601.0,55.5,vol_follow,volr_1.0,4,2.0,0.03,10,close,vol_follow_volr_1.0_D4_R2.0_T0.03_H10,519.1,-15.2,4.12,1101,53.1
2005.3,-29.6,4.2,1513.0,48.9,adaptive_trail,depth<0.15_trail0.04,3,1.0,0.04,10,close,adaptive_trail_depth<0.15_trail0.04_D3_R1.0_T0.04_H10,897.3,-27.0,4.12,2587,48.3
811.6,-14.7,4.47,745.0,56.1,gap_filter,gap_0.03,5,1.0,0.03,10,close,gap_filter_gap_0.03_D5_R1.0_T0.03_H10,889.6,-19.2,4.12,1343,53.6
254.1,-5.3,4.13,417.0,62.1,gap_filter,gap_0.05,5,2.0,0.02,7,close,gap_filter_gap_0.05_D5_R2.0_T0.02_H7,290.5,-7.1,4.12,761,57.4
271.4,-5.8,3.92,388.0,61.8,vol_follow,volr_1.0,5,2.0,0.02,7,close,vol_follow_volr_1.0_D5_R2.0_T0.02_H7,303.2,-7.3,4.11,700,58.1
800.2,-15.6,4.11,905.0,51.3,t1_entry,next_open,4,1.5,0.03,7,next_open,t1_entry_next_open_D4_R1.5_T0.03_H7,580.0,-15.8,4.11,1569,49.9
921.2,-14.8,4.4,789.0,55.5,gap_filter,gap_0.05,5,1.0,0.03,7,close,gap_filter_gap_0.05_D5_R1.0_T0.03_H7,902.8,-18.4,4.1,1384,52.7
689.6,-7.7,4.05,595.0,57.4,t1_entry,next_open,5,1.5,0.02,10,next_open,t1_entry_next_open_D5_R1.5_T0.02_H10,725.1,-10.3,4.1,1064,52.5
792.9,-15.3,4.17,1052.0,50.6,t1_entry,next_open,3,2.0,0.03,7,next_open,t1_entry_next_open_D3_R2.0_T0.03_H7,609.4,-18.1,4.09,1846,49.7
343.5,-10.2,4.37,716.0,56.4,bounce,bounce_0.3,3,1.0,0.02,10,close,bounce_bounce_0.3_D3_R1.0_T0.02_H10,378.3,-11.1,4.09,1210,52.5
400.1,-5.7,3.94,461.0,61.8,vol_follow,volr_1.2,5,1.5,0.02,10,close,vol_follow_volr_1.2_D5_R1.5_T0.02_H10,456.9,-8.3,4.08,821,56.9
547.5,-12.5,4.13,725.0,54.6,vol_follow,volr_1.2,4,1.5,0.03,7,close,vol_follow_volr_1.2_D4_R1.5_T0.03_H7,471.5,-19.8,4.07,1284,51.3
804.4,-14.0,4.18,778.0,54.6,vol_follow,volr_1.0,4,1.5,0.03,10,close,vol_follow_volr_1.0_D4_R1.5_T0.03_H10,759.0,-20.4,4.06,1377,51.8
765.7,-11.6,4.01,595.0,56.5,baseline,none,5,1.5,0.03,10,close,baseline_none_D5_R1.5_T0.03_H10,828.9,-15.2,4.06,1064,54.6
331.3,-10.2,4.34,716.0,56.2,bounce,bounce_0.3,3,1.0,0.02,7,close,bounce_bounce_0.3_D3_R1.0_T0.02_H7,365.2,-11.0,4.06,1210,52.3
507.1,-5.3,4.2,516.0,62.7,gap_filter,gap_0.03,5,1.5,0.02,10,close,gap_filter_gap_0.03_D5_R1.5_T0.02_H10,642.4,-5.6,4.06,960,59.3
625.0,-7.7,4.05,595.0,57.5,t1_entry,next_open,5,1.5,0.02,7,next_open,t1_entry_next_open_D5_R1.5_T0.02_H7,643.9,-10.3,4.06,1064,52.7
292.3,-5.8,3.89,388.0,61.8,vol_follow,volr_1.0,5,2.0,0.02,10,close,vol_follow_volr_1.0_D5_R2.0_T0.02_H10,339.5,-7.3,4.05,700,58.1
1016.8,-17.5,4.13,812.0,52.8,t1_entry,next_open,5,1.0,0.03,10,next_open,t1_entry_next_open_D5_R1.0_T0.03_H10,853.1,-23.0,4.05,1416,49.2
746.8,-15.3,4.27,709.0,55.6,gap_filter,gap_0.02,5,1.0,0.03,10,close,gap_filter_gap_0.02_D5_R1.0_T0.03_H10,825.5,-19.9,4.04,1294,54.1
690.8,-10.8,3.95,566.0,57.0,gap_filter,gap_0.05,5,1.5,0.03,10,close,gap_filter_gap_0.05_D5_R1.5_T0.03_H10,797.0,-14.4,4.03,1017,55.2
487.3,-6.6,4.03,478.0,62.3,gap_filter,gap_0.02,5,1.5,0.02,10,close,gap_filter_gap_0.02_D5_R1.5_T0.02_H10,629.1,-5.6,4.03,905,60.8
418.3,-14.9,3.94,801.0,52.7,gap_filter,gap_0.02,3,2.0,0.03,7,close,gap_filter_gap_0.02_D3_R2.0_T0.03_H7,381.9,-15.3,4.01,1476,52.8
622.1,-10.7,3.98,606.0,56.5,vol_follow,volr_1.2,5,1.0,0.03,10,close,vol_follow_volr_1.2_D5_R1.0_T0.03_H10,594.8,-13.9,4.01,1063,53.5
863.0,-10.9,4.15,667.0,56.8,vol_follow,volr_1.0,5,1.0,0.03,10,close,vol_follow_volr_1.0_D5_R1.0_T0.03_H10,842.7,-11.6,4.01,1173,53.9
469.6,-5.3,4.18,516.0,62.7,gap_filter,gap_0.03,5,1.5,0.02,7,close,gap_filter_gap_0.03_D5_R1.5_T0.02_H7,581.4,-5.6,4.01,960,59.3
451.4,-6.6,4.01,478.0,62.3,gap_filter,gap_0.02,5,1.5,0.02,7,close,gap_filter_gap_0.02_D5_R1.5_T0.02_H7,576.1,-5.6,3.99,905,60.8
573.3,-4.9,4.1,501.0,62.8,vol_follow,volr_1.0,5,1.5,0.02,10,close,vol_follow_volr_1.0_D5_R1.5_T0.02_H10,639.3,-6.0,3.98,889,58.2
696.6,-13.3,4.19,778.0,54.8,vol_follow,volr_1.0,4,1.5,0.03,7,close,vol_follow_volr_1.0_D4_R1.5_T0.03_H7,663.4,-18.9,3.98,1377,51.9
333.3,-9.5,4.34,684.0,56.6,combo_bg,bounce_0.3_gap_0.05,3,1.0,0.02,10,close,combo_bg_bounce_0.3_gap_0.05_D3_R1.0_T0.02_H10,352.5,-11.1,3.97,1161,52.4
530.0,-4.9,4.08,501.0,62.8,vol_follow,volr_1.0,5,1.5,0.02,7,close,vol_follow_volr_1.0_D5_R1.5_T0.02_H7,573.5,-6.0,3.97,889,58.2
438.3,-6.6,4.09,506.0,61.0,vol_follow,volr_1.5,5,1.0,0.02,7,close,vol_follow_volr_1.5_D5_R1.0_T0.02_H7,404.2,-8.2,3.97,903,56.4
208.0,-4.6,3.85,367.0,63.1,gap_filter,gap_0.03,5,2.0,0.02,10,close,gap_filter_gap_0.03_D5_R2.0_T0.02_H10,262.2,-5.6,3.97,703,58.3
194.4,-6.5,3.73,333.0,62.8,gap_filter,gap_0.02,5,2.0,0.02,10,close,gap_filter_gap_0.02_D5_R2.0_T0.02_H10,253.1,-9.6,3.97,646,59.6
563.3,-10.3,3.8,696.0,52.2,t1_entry,next_open,4,2.0,0.03,10,next_open,t1_entry_next_open_D4_R2.0_T0.03_H10,499.2,-11.2,3.96,1254,51.0
359.1,-10.4,3.74,513.0,55.1,gap_filter,gap_0.02,4,2.0,0.03,10,close,gap_filter_gap_0.02_D4_R2.0_T0.03_H10,368.9,-11.1,3.96,970,55.2
195.5,-4.5,3.85,367.0,63.1,gap_filter,gap_0.03,5,2.0,0.02,7,close,gap_filter_gap_0.03_D5_R2.0_T0.02_H7,237.3,-5.5,3.95,703,58.3
183.8,-6.5,3.72,333.0,62.8,gap_filter,gap_0.02,5,2.0,0.02,7,close,gap_filter_gap_0.02_D5_R2.0_T0.02_H7,234.8,-9.6,3.95,646,59.6
528.9,-11.7,4.11,800.0,53.9,vol_follow,volr_1.5,3,2.0,0.03,7,close,vol_follow_volr_1.5_D3_R2.0_T0.03_H7,476.6,-12.0,3.95,1432,51.8
318.3,-9.5,4.29,684.0,56.5,combo_bg,bounce_0.3_gap_0.05,3,1.0,0.02,7,close,combo_bg_bounce_0.3_gap_0.05_D3_R1.0_T0.02_H7,340.1,-11.2,3.94,1161,52.2
665.0,-14.4,4.32,745.0,55.8,gap_filter,gap_0.03,5,1.0,0.03,7,close,gap_filter_gap_0.03_D5_R1.0_T0.03_H7,720.6,-18.4,3.92,1343,53.2
640.8,-11.7,3.94,595.0,56.3,baseline,none,5,1.5,0.03,7,close,baseline_none_D5_R1.5_T0.03_H7,693.5,-15.3,3.92,1064,54.0
456.4,-6.5,4.09,506.0,61.1,vol_follow,volr_1.5,5,1.0,0.02,10,close,vol_follow_volr_1.5_D5_R1.0_T0.02_H10,437.0,-8.2,3.91,903,56.5
523.5,-11.8,4.0,606.0,56.1,vol_follow,volr_1.2,5,1.0,0.03,7,close,vol_follow_volr_1.2_D5_R1.0_T0.03_H7,493.4,-17.1,3.89,1063,52.8
444.2,-11.5,3.75,696.0,51.9,t1_entry,next_open,4,2.0,0.03,7,next_open,t1_entry_next_open_D4_R2.0_T0.03_H7,419.1,-13.8,3.89,1254,51.1
737.8,-11.3,4.16,667.0,56.3,vol_follow,volr_1.0,5,1.0,0.03,7,close,vol_follow_volr_1.0_D5_R1.0_T0.03_H7,723.2,-12.8,3.88,1173,53.3
292.7,-10.2,3.59,513.0,54.7,gap_filter,gap_0.02,4,2.0,0.03,7,close,gap_filter_gap_0.02_D4_R2.0_T0.03_H7,318.9,-10.7,3.87,970,54.9
317.6,-6.2,3.76,450.0,57.6,t1_entry,next_open,5,2.0,0.02,10,next_open,t1_entry_next_open_D5_R2.0_T0.02_H10,344.2,-7.3,3.87,819,52.5
665.0,-12.9,3.72,595.0,54.0,t1_entry,next_open,5,1.5,0.03,10,next_open,t1_entry_next_open_D5_R1.5_T0.03_H10,677.5,-18.8,3.87,1064,51.2
819.0,-17.2,4.09,812.0,52.6,t1_entry,next_open,5,1.0,0.03,7,next_open,t1_entry_next_open_D5_R1.0_T0.03_H7,704.3,-22.3,3.86,1416,48.9
201.7,-7.0,3.78,432.0,59.8,bounce,bounce_0.2,4,1.5,0.02,10,close,bounce_bounce_0.2_D4_R1.5_T0.02_H10,233.9,-8.4,3.86,799,56.2
571.2,-10.9,3.85,566.0,56.8,gap_filter,gap_0.05,5,1.5,0.03,7,close,gap_filter_gap_0.05_D5_R1.5_T0.03_H7,658.9,-14.5,3.85,1017,54.6
290.1,-6.2,3.82,450.0,57.8,t1_entry,next_open,5,2.0,0.02,7,next_open,t1_entry_next_open_D5_R2.0_T0.02_H7,302.8,-7.3,3.85,819,52.7
197.3,-7.0,3.78,432.0,59.8,bounce,bounce_0.2,4,1.5,0.02,7,close,bounce_bounce_0.2_D4_R1.5_T0.02_H7,224.7,-8.4,3.84,799,56.2
619.5,-15.0,4.12,709.0,55.3,gap_filter,gap_0.02,5,1.0,0.03,7,close,gap_filter_gap_0.02_D5_R1.0_T0.03_H7,674.5,-19.1,3.84,1294,53.7
373.2,-10.4,3.61,450.0,57.0,baseline,none,5,2.0,0.03,10,close,baseline_none_D5_R2.0_T0.03_H10,377.8,-12.5,3.84,819,54.5
420.0,-13.6,3.65,568.0,55.2,vol_follow,volr_1.2,4,2.0,0.03,10,close,vol_follow_volr_1.2_D4_R2.0_T0.03_H10,434.0,-20.4,3.82,1041,52.7
308.1,-10.3,3.64,450.0,56.9,baseline,none,5,2.0,0.03,7,close,baseline_none_D5_R2.0_T0.03_H7,318.2,-12.1,3.81,819,54.5
213.7,-5.9,3.71,361.0,60.6,vol_follow,volr_1.2,5,2.0,0.02,7,close,vol_follow_volr_1.2_D5_R2.0_T0.02_H7,251.2,-6.3,3.8,658,56.8
352.9,-12.9,3.72,568.0,55.2,vol_follow,volr_1.2,4,2.0,0.03,7,close,vol_follow_volr_1.2_D4_R2.0_T0.03_H7,367.3,-18.4,3.79,1041,52.7
480.5,-12.2,3.75,637.0,54.9,vol_follow,volr_1.5,4,1.5,0.03,10,close,vol_follow_volr_1.5_D4_R1.5_T0.03_H10,430.5,-16.3,3.78,1151,51.7
460.7,-14.8,3.93,813.0,52.0,bounce,bounce_0.2,3,1.5,0.03,7,close,bounce_bounce_0.2_D3_R1.5_T0.03_H7,347.2,-13.8,3.78,1415,49.9
1159.1,-26.3,3.88,1513.0,48.8,adaptive_trail,depth<0.15_trail0.04,3,1.0,0.04,7,close,adaptive_trail_depth<0.15_trail0.04_D3_R1.0_T0.04_H7,566.6,-25.6,3.78,2587,48.2
426.9,-11.3,3.8,637.0,55.1,vol_follow,volr_1.5,4,1.5,0.03,7,close,vol_follow_volr_1.5_D4_R1.5_T0.03_H7,377.9,-14.2,3.76,1151,51.7
230.0,-5.9,3.68,361.0,60.6,vol_follow,volr_1.2,5,2.0,0.02,10,close,vol_follow_volr_1.2_D5_R2.0_T0.02_H10,282.0,-6.3,3.75,658,56.8
475.3,-10.5,3.8,516.0,56.3,gap_filter,gap_0.03,5,1.5,0.03,10,close,gap_filter_gap_0.03_D5_R1.5_T0.03_H10,596.1,-13.8,3.75,960,55.4
383.1,-19.8,3.71,716.0,52.4,bounce,bounce_0.3,3,1.0,0.03,10,close,bounce_bounce_0.3_D3_R1.0_T0.03_H10,429.8,-20.6,3.75,1210,50.7
298.7,-10.3,4.15,642.0,56.6,combo_bg,bounce_0.3_gap_0.03,3,1.0,0.02,10,close,combo_bg_bounce_0.3_gap_0.03_D3_R1.0_T0.02_H10,274.7,-12.2,3.73,1099,51.1
511.6,-14.9,3.97,813.0,51.7,bounce,bounce_0.2,3,1.5,0.03,10,close,bounce_bounce_0.2_D3_R1.5_T0.03_H10,343.4,-14.1,3.72,1415,49.3
549.9,-13.2,3.61,595.0,53.8,t1_entry,next_open,5,1.5,0.03,7,next_open,t1_entry_next_open_D5_R1.5_T0.03_H7,564.8,-18.9,3.71,1064,51.2
285.4,-10.9,4.11,642.0,56.4,combo_bg,bounce_0.3_gap_0.03,3,1.0,0.02,7,close,combo_bg_bounce_0.3_gap_0.03_D3_R1.0_T0.02_H7,262.5,-14.1,3.69,1099,51.0
400.6,-17.2,3.59,616.0,52.6,bounce,bounce_0.2,4,1.0,0.03,10,close,bounce_bounce_0.2_D4_R1.0_T0.03_H10,392.6,-22.9,3.68,1093,50.7
290.8,-10.0,3.44,417.0,57.1,gap_filter,gap_0.05,5,2.0,0.03,10,close,gap_filter_gap_0.05_D5_R2.0_T0.03_H10,315.1,-13.9,3.68,761,54.8
196.2,-9.0,3.78,465.0,58.1,bounce,bounce_0.3,3,1.5,0.02,7,close,bounce_bounce_0.3_D3_R1.5_T0.02_H7,193.2,-7.3,3.68,786,54.2
1640.8,-44.2,3.73,1513.0,47.2,adaptive_trail,depth<0.15_trail0.05,3,1.0,0.05,10,close,adaptive_trail_depth<0.15_trail0.05_D3_R1.0_T0.05_H10,790.7,-35.2,3.67,2587,47.7
435.8,-12.8,3.63,478.0,56.0,gap_filter,gap_0.02,5,1.5,0.03,10,close,gap_filter_gap_0.02_D5_R1.5_T0.03_H10,554.6,-14.6,3.66,905,56.4
198.8,-9.1,3.79,465.0,58.4,bounce,bounce_0.3,3,1.5,0.02,10,close,bounce_bounce_0.3_D3_R1.5_T0.02_H10,191.5,-7.3,3.65,786,54.5
410.0,-11.0,3.47,461.0,56.5,vol_follow,volr_1.2,5,1.5,0.03,10,close,vol_follow_volr_1.2_D5_R1.5_T0.03_H10,419.2,-18.1,3.65,821,54.3
550.2,-11.5,3.63,501.0,57.1,vol_follow,volr_1.0,5,1.5,0.03,10,close,vol_follow_volr_1.0_D5_R1.5_T0.03_H10,565.2,-17.9,3.64,889,55.2
196.0,-8.2,3.74,427.0,58.7,combo_bg,bounce_0.3_gap_0.05,3,1.5,0.02,7,close,combo_bg_bounce_0.3_gap_0.05_D3_R1.5_T0.02_H7,184.6,-6.4,3.62,728,54.8
370.3,-19.2,3.67,684.0,53.1,combo_bg,bounce_0.3_gap_0.05,3,1.0,0.03,10,close,combo_bg_bounce_0.3_gap_0.05_D3_R1.0_T0.03_H10,394.7,-21.3,3.62,1161,51.2
238.7,-9.6,3.47,417.0,57.0,gap_filter,gap_0.05,5,2.0,0.03,7,close,gap_filter_gap_0.05_D5_R2.0_T0.03_H7,267.9,-12.7,3.6,761,54.8
199.4,-8.3,3.76,427.0,59.0,combo_bg,bounce_0.3_gap_0.05,3,1.5,0.02,10,close,combo_bg_bounce_0.3_gap_0.05_D3_R1.5_T0.02_H10,183.3,-6.4,3.59,728,55.1
337.7,-16.9,3.48,616.0,52.5,bounce,bounce_0.2,4,1.0,0.03,7,close,bounce_bounce_0.2_D4_R1.0_T0.03_H7,339.2,-23.0,3.59,1093,50.8
315.1,-10.1,3.27,388.0,57.1,vol_follow,volr_1.0,5,2.0,0.03,10,close,vol_follow_volr_1.0_D5_R2.0_T0.03_H10,324.5,-11.7,3.58,700,55.1
318.6,-19.3,3.57,716.0,52.2,bounce,bounce_0.3,3,1.0,0.03,7,close,bounce_bounce_0.3_D3_R1.0_T0.03_H7,363.3,-19.2,3.57,1210,50.6
394.6,-10.0,3.65,516.0,56.1,gap_filter,gap_0.03,5,1.5,0.03,7,close,gap_filter_gap_0.03_D5_R1.5_T0.03_H7,489.0,-12.4,3.57,960,54.8
342.6,-11.7,3.39,450.0,54.5,t1_entry,next_open,5,2.0,0.03,10,next_open,t1_entry_next_open_D5_R2.0_T0.03_H10,336.7,-14.8,3.56,819,50.9
268.8,-9.9,3.33,388.0,57.1,vol_follow,volr_1.0,5,2.0,0.03,7,close,vol_follow_volr_1.0_D5_R2.0_T0.03_H7,278.9,-11.7,3.56,700,55.4
351.5,-10.9,3.47,461.0,56.3,vol_follow,volr_1.2,5,1.5,0.03,7,close,vol_follow_volr_1.2_D5_R1.5_T0.03_H7,350.6,-17.7,3.55,821,53.8
152.0,-6.8,3.31,323.0,62.4,bounce,bounce_0.2,4,2.0,0.02,7,close,bounce_bounce_0.2_D4_R2.0_T0.02_H7,197.4,-7.4,3.54,618,58.9
157.6,-6.8,3.3,323.0,62.4,bounce,bounce_0.2,4,2.0,0.02,10,close,bounce_bounce_0.2_D4_R2.0_T0.02_H10,208.1,-7.4,3.54,618,58.9
270.9,-6.8,3.57,394.0,60.8,vol_follow,volr_1.5,5,1.5,0.02,7,close,vol_follow_volr_1.5_D5_R1.5_T0.02_H7,263.8,-10.2,3.53,717,55.9
477.7,-11.4,3.61,501.0,57.0,vol_follow,volr_1.0,5,1.5,0.03,7,close,vol_follow_volr_1.0_D5_R1.5_T0.03_H7,484.5,-17.5,3.52,889,54.8
366.7,-12.4,3.48,478.0,55.8,gap_filter,gap_0.02,5,1.5,0.03,7,close,gap_filter_gap_0.02_D5_R1.5_T0.03_H7,459.2,-13.2,3.49,905,55.7
218.2,-9.5,3.29,367.0,56.7,gap_filter,gap_0.03,5,2.0,0.03,10,close,gap_filter_gap_0.03_D5_R2.0_T0.03_H10,256.4,-13.9,3.48,703,55.6
294.9,-13.4,3.25,510.0,55.1,vol_follow,volr_1.5,4,2.0,0.03,10,close,vol_follow_volr_1.5_D4_R2.0_T0.03_H10,322.7,-19.9,3.47,942,52.7
278.7,-11.5,3.37,450.0,54.4,t1_entry,next_open,5,2.0,0.03,7,next_open,t1_entry_next_open_D5_R2.0_T0.03_H7,282.5,-14.5,3.47,819,51.4
281.2,-6.8,3.55,394.0,60.7,vol_follow,volr_1.5,5,1.5,0.02,10,close,vol_follow_volr_1.5_D5_R1.5_T0.02_H10,286.9,-10.2,3.46,717,55.8
258.2,-12.8,3.34,510.0,55.1,vol_follow,volr_1.5,4,2.0,0.03,7,close,vol_follow_volr_1.5_D4_R2.0_T0.03_H7,282.4,-17.9,3.45,942,52.7
306.4,-18.6,3.53,684.0,52.9,combo_bg,bounce_0.3_gap_0.05,3,1.0,0.03,7,close,combo_bg_bounce_0.3_gap_0.05_D3_R1.0_T0.03_H7,333.7,-19.5,3.43,1161,51.0
167.5,-5.6,3.35,314.0,59.5,vol_follow,volr_1.5,5,2.0,0.02,7,close,vol_follow_volr_1.5_D5_R2.0_T0.02_H7,192.5,-7.4,3.42,582,55.7
181.0,-9.1,3.24,367.0,56.5,gap_filter,gap_0.03,5,2.0,0.03,7,close,gap_filter_gap_0.03_D5_R2.0_T0.03_H7,215.6,-12.7,3.4,703,55.6
423.5,-12.9,3.47,506.0,56.5,vol_follow,volr_1.5,5,1.0,0.03,10,close,vol_follow_volr_1.5_D5_R1.0_T0.03_H10,368.6,-17.8,3.39,903,54.4
159.5,-9.9,3.55,383.0,58.8,combo_bg,bounce_0.3_gap_0.03,3,1.5,0.02,7,close,combo_bg_bounce_0.3_gap_0.03_D3_R1.5_T0.02_H7,130.4,-7.1,3.38,656,53.4
329.5,-19.4,3.61,642.0,53.2,combo_bg,bounce_0.3_gap_0.03,3,1.0,0.03,10,close,combo_bg_bounce_0.3_gap_0.03_D3_R1.0_T0.03_H10,322.2,-21.4,3.37,1099,49.9
163.5,-9.9,3.56,383.0,59.2,combo_bg,bounce_0.3_gap_0.03,3,1.5,0.02,10,close,combo_bg_bounce_0.3_gap_0.03_D3_R1.5_T0.02_H10,130.3,-7.1,3.35,656,53.7
127.9,-11.0,3.13,291.0,59.0,bounce,bounce_0.3,4,1.0,0.02,7,close,bounce_bounce_0.3_D4_R1.0_T0.02_H7,182.0,-14.0,3.35,510,59.2
174.9,-5.6,3.31,314.0,59.5,vol_follow,volr_1.5,5,2.0,0.02,10,close,vol_follow_volr_1.5_D5_R2.0_T0.02_H10,207.5,-7.4,3.34,582,55.7
130.3,-11.4,3.12,291.0,59.0,bounce,bounce_0.3,4,1.0,0.02,10,close,bounce_bounce_0.3_D4_R1.0_T0.02_H10,188.0,-15.1,3.33,510,59.2
367.2,-12.8,3.47,506.0,56.0,vol_follow,volr_1.5,5,1.0,0.03,7,close,vol_follow_volr_1.5_D5_R1.0_T0.03_H7,321.1,-17.4,3.32,903,53.7
260.6,-10.1,3.04,361.0,56.4,vol_follow,volr_1.2,5,2.0,0.03,10,close,vol_follow_volr_1.2_D5_R2.0_T0.03_H10,278.4,-12.1,3.32,658,54.4
191.7,-10.8,3.11,333.0,56.7,gap_filter,gap_0.02,5,2.0,0.03,10,close,gap_filter_gap_0.02_D5_R2.0_T0.03_H10,225.1,-17.3,3.32,646,56.7
266.6,-13.9,3.25,613.0,50.9,bounce,bounce_0.2,3,2.0,0.03,7,close,bounce_bounce_0.2_D3_R2.0_T0.03_H7,252.0,-12.4,3.29,1118,50.3
220.7,-9.8,3.1,361.0,56.4,vol_follow,volr_1.2,5,2.0,0.03,7,close,vol_follow_volr_1.2_D5_R2.0_T0.03_H7,236.2,-11.3,3.28,658,54.7
304.5,-13.9,3.34,613.0,51.1,bounce,bounce_0.2,3,2.0,0.03,10,close,bounce_bounce_0.2_D3_R2.0_T0.03_H10,255.2,-12.4,3.27,1118,50.3
119.9,-12.4,3.01,273.0,57.7,combo_bg,bounce_0.3_gap_0.05,4,1.0,0.02,7,close,combo_bg_bounce_0.3_gap_0.05_D4_R1.0_T0.02_H7,177.0,-17.9,3.27,474,58.9
122.6,-12.8,3.0,273.0,57.7,combo_bg,bounce_0.3_gap_0.05,4,1.0,0.02,10,close,combo_bg_bounce_0.3_gap_0.05_D4_R1.0_T0.02_H10,183.5,-18.9,3.26,474,58.9
161.4,-10.4,3.04,333.0,56.6,gap_filter,gap_0.02,5,2.0,0.03,7,close,gap_filter_gap_0.02_D5_R2.0_T0.03_H7,194.4,-16.1,3.24,646,56.7
137.4,-8.9,3.26,334.0,58.6,bounce,bounce_0.3,3,2.0,0.02,7,close,bounce_bounce_0.3_D3_R2.0_T0.02_H7,149.8,-8.6,3.24,595,54.6
178.7,-16.8,2.69,406.0,53.1,adaptive_trail,depth<0.15_trail0.04,5,1.5,0.04,10,close,adaptive_trail_depth<0.15_trail0.04_D5_R1.5_T0.04_H10,261.3,-23.0,3.24,805,54.2
246.2,-27.5,3.03,607.0,52.3,adaptive_trail,depth<0.15_trail0.04,5,1.0,0.04,10,close,adaptive_trail_depth<0.15_trail0.04_D5_R1.0_T0.04_H10,306.0,-32.9,3.23,1143,52.1
499.6,-28.3,3.04,982.0,48.3,adaptive_trail,depth<0.15_trail0.04,4,1.0,0.04,10,close,adaptive_trail_depth<0.15_trail0.04_D4_R1.0_T0.04_H10,574.5,-26.8,3.22,1770,47.8
174.4,-5.9,3.45,326.0,61.7,bounce,bounce_0.2,5,1.0,0.02,10,close,bounce_bounce_0.2_D5_R1.0_T0.02_H10,187.5,-7.6,3.21,588,55.8
321.5,-28.4,2.91,982.0,48.2,adaptive_trail,depth<0.15_trail0.04,4,1.0,0.04,7,close,adaptive_trail_depth<0.15_trail0.04_D4_R1.0_T0.04_H7,345.1,-28.9,3.2,1770,48.0
139.8,-8.9,3.25,334.0,58.6,bounce,bounce_0.3,3,2.0,0.02,10,close,bounce_bounce_0.3_D3_R2.0_T0.02_H10,150.5,-8.6,3.18,595,54.6
166.0,-5.8,3.43,326.0,61.7,bounce,bounce_0.2,5,1.0,0.02,7,close,bounce_bounce_0.2_D5_R1.0_T0.02_H7,178.4,-7.6,3.18,588,55.8
185.1,-13.8,3.03,432.0,51.9,bounce,bounce_0.2,4,1.5,0.03,10,close,bounce_bounce_0.2_D4_R1.5_T0.03_H10,195.5,-15.2,3.18,799,51.7
271.8,-19.3,3.48,642.0,53.0,combo_bg,bounce_0.3_gap_0.03,3,1.0,0.03,7,close,combo_bg_bounce_0.3_gap_0.03_D3_R1.0_T0.03_H7,264.8,-21.1,3.17,1099,49.7
169.5,-13.6,3.02,432.0,52.1,bounce,bounce_0.2,4,1.5,0.03,7,close,bounce_bounce_0.2_D4_R1.5_T0.03_H7,186.0,-14.6,3.16,799,52.2
1147.7,-30.8,3.65,1144.0,49.4,adaptive_trail,depth<0.15_trail0.04,3,1.5,0.04,10,close,adaptive_trail_depth<0.15_trail0.04_D3_R1.5_T0.04_H10,422.2,-25.9,3.15,2036,48.1
667.8,-38.8,3.15,1513.0,47.6,adaptive_trail,depth<0.15_trail0.05,3,1.0,0.05,7,close,adaptive_trail_depth<0.15_trail0.05_D3_R1.0_T0.05_H7,407.2,-32.3,3.14,2587,48.4
932.0,-37.0,3.42,1264.0,48.4,adaptive_trail,depth<0.1_trail0.04,3,1.0,0.04,10,close,adaptive_trail_depth<0.1_trail0.04_D3_R1.0_T0.04_H10,586.3,-34.7,3.14,2237,48.0
131.0,-9.0,3.13,292.0,59.4,combo_bg,bounce_0.3_gap_0.05,3,2.0,0.02,7,close,combo_bg_bounce_0.3_gap_0.05_D3_R2.0_T0.02_H7,140.3,-8.6,3.13,530,55.3
454.5,-40.6,2.77,982.0,46.8,adaptive_trail,depth<0.15_trail0.05,4,1.0,0.05,10,close,adaptive_trail_depth<0.15_trail0.05_D4_R1.0_T0.05_H10,614.3,-41.8,3.13,1770,48.5
186.5,-22.7,2.4,406.0,51.8,adaptive_trail,depth<0.15_trail0.05,5,1.5,0.05,10,close,adaptive_trail_depth<0.15_trail0.05_D5_R1.5_T0.05_H10,289.9,-23.5,3.12,805,54.8
275.7,-12.6,3.03,394.0,56.2,vol_follow,volr_1.5,5,1.5,0.03,10,close,vol_follow_volr_1.5_D5_R1.5_T0.03_H10,266.1,-20.6,3.08,717,54.8
133.6,-9.0,3.13,292.0,59.4,combo_bg,bounce_0.3_gap_0.05,3,2.0,0.02,10,close,combo_bg_bounce_0.3_gap_0.05_D3_R2.0_T0.02_H10,141.4,-8.6,3.08,530,55.3
81.6,-6.9,2.83,191.0,62.1,bounce,bounce_0.3,4,1.5,0.02,7,close,bounce_bounce_0.3_D4_R1.5_T0.02_H7,102.9,-7.9,3.08,333,63.1
135.6,-9.8,3.18,415.0,55.1,combo_bg,bounce_0.4_gap_0.05,3,1.0,0.02,7,close,combo_bg_bounce_0.4_gap_0.05_D3_R1.0_T0.02_H7,123.1,-9.3,3.07,708,49.7
140.0,-9.8,3.21,415.0,55.3,combo_bg,bounce_0.4_gap_0.05,3,1.0,0.02,10,close,combo_bg_bounce_0.4_gap_0.05_D3_R1.0_T0.02_H10,125.8,-9.3,3.07,708,49.7
105.2,-11.7,2.89,255.0,57.2,combo_bg,bounce_0.3_gap_0.03,4,1.0,0.02,7,close,combo_bg_bounce_0.3_gap_0.03_D4_R1.0_T0.02_H7,142.9,-16.6,3.04,442,56.6
108.6,-12.0,2.9,255.0,57.2,combo_bg,bounce_0.3_gap_0.03,4,1.0,0.02,10,close,combo_bg_bounce_0.3_gap_0.03_D4_R1.0_T0.02_H10,150.6,-17.5,3.04,442,56.6
250.7,-34.3,2.68,607.0,50.5,adaptive_trail,depth<0.15_trail0.05,5,1.0,0.05,10,close,adaptive_trail_depth<0.15_trail0.05_D5_R1.0_T0.05_H10,320.6,-37.0,3.03,1143,52.2
132.9,-16.7,2.45,406.0,52.4,adaptive_trail,depth<0.15_trail0.04,5,1.5,0.04,7,close,adaptive_trail_depth<0.15_trail0.04_D5_R1.5_T0.04_H7,197.7,-21.6,3.02,805,53.5
133.9,-10.3,3.11,436.0,53.5,bounce,bounce_0.4,3,1.0,0.02,10,close,bounce_bounce_0.4_D3_R1.0_T0.02_H10,120.2,-11.3,3.02,739,48.4
134.1,-10.0,2.67,323.0,53.9,bounce,bounce_0.2,4,2.0,0.03,7,close,bounce_bounce_0.2_D4_R2.0_T0.03_H7,165.4,-9.6,3.01,618,55.0
129.9,-10.3,3.08,436.0,53.4,bounce,bounce_0.4,3,1.0,0.02,7,close,bounce_bounce_0.4_D3_R1.0_T0.02_H7,117.2,-11.3,3.01,739,48.4
499.3,-35.9,3.2,1264.0,47.9,adaptive_trail,depth<0.1_trail0.04,3,1.0,0.04,7,close,adaptive_trail_depth<0.1_trail0.04_D3_R1.0_T0.04_H7,352.6,-37.7,3.01,2237,47.7
81.9,-6.9,2.78,191.0,62.1,bounce,bounce_0.3,4,1.5,0.02,10,close,bounce_bounce_0.3_D4_R1.5_T0.02_H10,103.6,-7.9,3.0,333,63.1
241.0,-12.1,3.03,394.0,56.0,vol_follow,volr_1.5,5,1.5,0.03,7,close,vol_follow_volr_1.5_D5_R1.5_T0.03_H7,228.7,-19.2,3.0,717,54.3
146.0,-9.9,2.68,323.0,54.0,bounce,bounce_0.2,4,2.0,0.03,10,close,bounce_bounce_0.2_D4_R2.0_T0.03_H10,173.2,-9.6,3.0,618,54.7
187.6,-18.6,3.1,465.0,54.4,bounce,bounce_0.3,3,1.5,0.03,7,close,bounce_bounce_0.3_D3_R1.5_T0.03_H7,177.4,-15.5,2.99,786,51.8
650.3,-29.9,3.34,846.0,49.5,adaptive_trail,depth<0.15_trail0.04,3,2.0,0.04,10,close,adaptive_trail_depth<0.15_trail0.04_D3_R2.0_T0.04_H10,287.6,-30.9,2.98,1578,48.5
99.2,-5.4,2.79,228.0,61.5,bounce,bounce_0.2,5,1.5,0.02,10,close,bounce_bounce_0.2_D5_R1.5_T0.02_H10,118.6,-5.8,2.98,421,57.5
660.9,-28.5,3.48,1144.0,49.3,adaptive_trail,depth<0.15_trail0.04,3,1.5,0.04,7,close,adaptive_trail_depth<0.15_trail0.04_D3_R1.5_T0.04_H7,286.3,-26.2,2.98,2036,48.0
174.8,-11.5,2.65,314.0,55.8,vol_follow,volr_1.5,5,2.0,0.03,10,close,vol_follow_volr_1.5_D5_R2.0_T0.03_H10,204.6,-16.1,2.97,582,54.6
75.9,-7.2,2.69,170.0,61.1,combo_bg,bounce_0.3_gap_0.05,4,1.5,0.02,7,close,combo_bg_bounce_0.3_gap_0.05_D4_R1.5_T0.02_H7,98.6,-7.6,2.97,293,63.8
94.9,-5.4,2.79,228.0,61.5,bounce,bounce_0.2,5,1.5,0.02,7,close,bounce_bounce_0.2_D5_R1.5_T0.02_H7,111.3,-5.8,2.96,421,57.5
202.1,-18.7,3.13,465.0,54.8,bounce,bounce_0.3,3,1.5,0.03,10,close,bounce_bounce_0.3_D3_R1.5_T0.03_H10,180.5,-15.5,2.96,786,51.8
153.3,-10.9,2.71,314.0,55.8,vol_follow,volr_1.5,5,2.0,0.03,7,close,vol_follow_volr_1.5_D5_R2.0_T0.03_H7,179.6,-14.5,2.96,582,55.0
1058.5,-44.2,3.3,1144.0,48.2,adaptive_trail,depth<0.15_trail0.05,3,1.5,0.05,10,close,adaptive_trail_depth<0.15_trail0.05_D3_R1.5_T0.05_H10,431.4,-41.0,2.93,2036,47.9
124.1,-10.6,3.07,392.0,55.0,combo_bg,bounce_0.4_gap_0.03,3,1.0,0.02,10,close,combo_bg_bounce_0.4_gap_0.03_D3_R1.0_T0.02_H10,105.5,-10.7,2.93,674,49.4
223.5,-40.6,2.35,982.0,47.5,adaptive_trail,depth<0.15_trail0.05,4,1.0,0.05,7,close,adaptive_trail_depth<0.15_trail0.05_D4_R1.0_T0.05_H7,310.2,-43.1,2.92,1770,49.8
269.8,-27.9,2.75,691.0,49.1,adaptive_trail,depth<0.15_trail0.04,4,1.5,0.04,10,close,adaptive_trail_depth<0.15_trail0.04_D4_R1.5_T0.04_H10,261.7,-29.9,2.91,1289,49.3
184.9,-18.2,3.09,427.0,56.0,combo_bg,bounce_0.3_gap_0.05,3,1.5,0.03,7,close,combo_bg_bounce_0.3_gap_0.05_D3_R1.5_T0.03_H7,160.3,-16.0,2.91,728,53.3
119.5,-10.6,3.03,392.0,54.8,combo_bg,bounce_0.4_gap_0.03,3,1.0,0.02,7,close,combo_bg_bounce_0.4_gap_0.03_D3_R1.0_T0.02_H7,102.1,-10.6,2.91,674,49.4
90.4,-5.2,2.65,179.0,64.1,bounce,bounce_0.2,5,2.0,0.02,10,close,bounce_bounce_0.2_D5_R2.0_T0.02_H10,121.4,-6.1,2.9,333,61.0
171.1,-9.6,3.02,326.0,55.6,bounce,bounce_0.2,5,1.0,0.03,10,close,bounce_bounce_0.2_D5_R1.0_T0.03_H10,179.4,-13.2,2.9,588,53.6
268.8,-34.4,2.46,691.0,48.4,adaptive_trail,depth<0.15_trail0.05,4,1.5,0.05,10,close,adaptive_trail_depth<0.15_trail0.05_D4_R1.5_T0.05_H10,341.4,-28.1,2.9,1289,49.7
76.4,-7.5,2.65,170.0,61.1,combo_bg,bounce_0.3_gap_0.05,4,1.5,0.02,10,close,combo_bg_bounce_0.3_gap_0.05_D4_R1.5_T0.02_H10,99.8,-8.7,2.9,293,63.8
125.1,-19.1,2.61,291.0,53.5,bounce,bounce_0.3,4,1.0,0.03,10,close,bounce_bounce_0.3_D4_R1.0_T0.03_H10,185.9,-27.4,2.9,510,52.0
121.9,-22.6,2.1,406.0,52.2,adaptive_trail,depth<0.15_trail0.05,5,1.5,0.05,7,close,adaptive_trail_depth<0.15_trail0.05_D5_R1.5_T0.05_H7,198.7,-23.1,2.9,805,54.7
86.6,-5.2,2.65,179.0,64.1,bounce,bounce_0.2,5,2.0,0.02,7,close,bounce_bounce_0.2_D5_R2.0_T0.02_H7,115.0,-6.1,2.88,333,61.0
198.5,-18.6,3.11,427.0,56.4,combo_bg,bounce_0.3_gap_0.05,3,1.5,0.03,10,close,combo_bg_bounce_0.3_gap_0.05_D3_R1.5_T0.03_H10,163.4,-17.1,2.88,728,53.3
96.7,-9.7,2.9,251.0,59.8,combo_bg,bounce_0.3_gap_0.03,3,2.0,0.02,7,close,combo_bg_bounce_0.3_gap_0.03_D3_R2.0_T0.02_H7,88.7,-10.5,2.87,456,53.7
110.5,-19.8,2.56,291.0,53.0,bounce,bounce_0.3,4,1.0,0.03,7,close,bounce_bounce_0.3_D4_R1.0_T0.03_H7,164.3,-29.5,2.84,510,51.4
168.4,-26.1,2.67,607.0,51.8,adaptive_trail,depth<0.15_trail0.04,5,1.0,0.04,7,close,adaptive_trail_depth<0.15_trail0.04_D5_R1.0_T0.04_H7,197.9,-30.0,2.82,1143,51.6
714.1,-40.8,3.07,846.0,48.0,adaptive_trail,depth<0.15_trail0.05,3,2.0,0.05,10,close,adaptive_trail_depth<0.15_trail0.05_D3_R2.0_T0.05_H10,349.2,-45.7,2.81,1578,47.7
99.2,-9.7,2.89,251.0,59.8,combo_bg,bounce_0.3_gap_0.03,3,2.0,0.02,10,close,combo_bg_bounce_0.3_gap_0.03_D3_R2.0_T0.02_H10,90.1,-10.5,2.79,456,53.7
750.1,-48.7,2.95,1264.0,47.2,adaptive_trail,depth<0.1_trail0.05,3,1.0,0.05,10,close,adaptive_trail_depth<0.1_trail0.05_D3_R1.0_T0.05_H10,477.1,-53.9,2.77,2237,47.1
143.9,-9.9,2.87,326.0,55.0,bounce,bounce_0.2,5,1.0,0.03,7,close,bounce_bounce_0.2_D5_R1.0_T0.03_H7,153.5,-14.0,2.75,588,53.2
63.6,-7.1,2.54,153.0,60.8,combo_bg,bounce_0.3_gap_0.03,4,1.5,0.02,7,close,combo_bg_bounce_0.3_gap_0.03_D4_R1.5_T0.02_H7,73.7,-7.1,2.71,263,60.8
157.6,-20.9,2.73,415.0,52.0,combo_bg,bounce_0.4_gap_0.05,3,1.0,0.03,10,close,combo_bg_bounce_0.4_gap_0.05_D3_R1.0_T0.03_H10,150.1,-21.9,2.71,708,48.3
415.0,-29.5,3.06,846.0,49.2,adaptive_trail,depth<0.15_trail0.04,3,2.0,0.04,7,close,adaptive_trail_depth<0.15_trail0.04_D3_R2.0_T0.04_H7,214.2,-31.8,2.7,1578,48.4
115.3,-20.6,2.46,273.0,54.0,combo_bg,bounce_0.3_gap_0.05,4,1.0,0.03,10,close,combo_bg_bounce_0.3_gap_0.05_D4_R1.0_T0.03_H10,176.6,-30.7,2.68,474,52.1
186.0,-27.0,2.57,691.0,49.2,adaptive_trail,depth<0.15_trail0.04,4,1.5,0.04,7,close,adaptive_trail_depth<0.15_trail0.04_D4_R1.5_T0.04_H7,194.4,-28.4,2.67,1289,49.3
97.1,-9.2,2.37,228.0,53.7,bounce,bounce_0.2,5,1.5,0.03,10,close,bounce_bounce_0.2_D5_R1.5_T0.03_H10,110.8,-10.6,2.66,421,55.3
58.9,-6.4,2.46,141.0,63.9,bounce,bounce_0.3,4,2.0,0.02,7,close,bounce_bounce_0.3_D4_R2.0_T0.02_H7,75.6,-8.1,2.66,261,62.8
126.4,-18.1,2.6,334.0,53.5,bounce,bounce_0.3,3,2.0,0.03,7,close,bounce_bounce_0.3_D3_R2.0_T0.03_H7,135.0,-16.6,2.65,595,51.9
64.8,-7.2,2.51,153.0,60.8,combo_bg,bounce_0.3_gap_0.03,4,1.5,0.02,10,close,combo_bg_bounce_0.3_gap_0.03_D4_R1.5_T0.02_H10,76.2,-7.2,2.64,263,60.8
144.9,-23.4,2.58,436.0,50.0,bounce,bounce_0.4,3,1.0,0.03,10,close,bounce_bounce_0.4_D3_R1.0_T0.03_H10,141.5,-25.7,2.64,739,47.0
100.2,-21.3,2.42,273.0,53.4,combo_bg,bounce_0.3_gap_0.05,4,1.0,0.03,7,close,combo_bg_bounce_0.3_gap_0.05_D4_R1.0_T0.03_H7,153.3,-32.8,2.64,474,51.5
137.6,-18.2,2.66,334.0,53.9,bounce,bounce_0.3,3,2.0,0.03,10,close,bounce_bounce_0.3_D3_R2.0_T0.03_H10,138.7,-16.6,2.63,595,52.3
235.7,-33.7,2.42,488.0,50.6,adaptive_trail,depth<0.15_trail0.05,4,2.0,0.05,10,close,adaptive_trail_depth<0.15_trail0.05_D4_R2.0_T0.05_H10,249.4,-34.1,2.61,960,50.2
84.1,-9.2,2.31,228.0,53.3,bounce,bounce_0.2,5,1.5,0.03,7,close,bounce_bounce_0.2_D5_R1.5_T0.03_H7,100.1,-10.6,2.6,421,55.3
144.7,-20.5,2.62,392.0,51.4,combo_bg,bounce_0.4_gap_0.03,3,1.0,0.03,10,close,combo_bg_bounce_0.4_gap_0.03_D3_R1.0_T0.03_H10,131.0,-22.8,2.6,674,47.3
146.5,-30.8,2.24,607.0,51.0,adaptive_trail,depth<0.15_trail0.05,5,1.0,0.05,7,close,adaptive_trail_depth<0.15_trail0.05_D5_R1.0_T0.05_H7,190.5,-32.8,2.6,1143,52.5
59.5,-6.4,2.43,141.0,63.9,bounce,bounce_0.3,4,2.0,0.02,10,close,bounce_bounce_0.3_D4_R2.0_T0.02_H10,76.6,-8.1,2.58,261,62.8
148.5,-18.7,2.96,383.0,56.1,combo_bg,bounce_0.3_gap_0.03,3,1.5,0.03,7,close,combo_bg_bounce_0.3_gap_0.03_D3_R1.5_T0.03_H7,118.9,-17.6,2.58,656,51.5
132.8,-21.6,2.63,415.0,51.5,combo_bg,bounce_0.4_gap_0.05,3,1.0,0.03,7,close,combo_bg_bounce_0.4_gap_0.05_D3_R1.0_T0.03_H7,129.5,-23.6,2.57,708,48.0
138.7,-25.8,2.22,284.0,53.6,adaptive_trail,depth<0.15_trail0.05,5,2.0,0.05,10,close,adaptive_trail_depth<0.15_trail0.05_D5_R2.0_T0.05_H10,173.1,-31.0,2.56,579,54.7
80.3,-6.9,2.24,179.0,55.7,bounce,bounce_0.2,5,2.0,0.03,10,close,bounce_bounce_0.2_D5_R2.0_T0.03_H10,103.7,-8.1,2.54,333,58.0
161.8,-19.1,2.98,383.0,56.4,combo_bg,bounce_0.3_gap_0.03,3,1.5,0.03,10,close,combo_bg_bounce_0.3_gap_0.03_D3_R1.5_T0.03_H10,124.6,-18.6,2.54,656,51.5
72.7,-6.8,2.19,179.0,55.7,bounce,bounce_0.2,5,2.0,0.03,7,close,bounce_bounce_0.2_D5_R2.0_T0.03_H7,98.2,-7.8,2.53,333,58.6
143.5,-35.1,2.1,691.0,49.1,adaptive_trail,depth<0.15_trail0.05,4,1.5,0.05,7,close,adaptive_trail_depth<0.15_trail0.05_D4_R1.5_T0.05_H7,196.1,-32.9,2.53,1289,50.7
68.8,-12.2,2.28,191.0,56.1,bounce,bounce_0.3,4,1.5,0.03,7,close,bounce_bounce_0.3_D4_R1.5_T0.03_H7,90.0,-13.6,2.51,333,55.0
122.2,-23.7,2.47,436.0,49.5,bounce,bounce_0.4,3,1.0,0.03,7,close,bounce_bounce_0.4_D3_R1.0_T0.03_H7,123.1,-26.2,2.51,739,46.7
119.6,-18.3,2.55,292.0,55.3,combo_bg,bounce_0.3_gap_0.05,3,2.0,0.03,7,close,combo_bg_bounce_0.3_gap_0.05_D3_R2.0_T0.03_H7,116.6,-18.9,2.5,530,53.4
344.5,-44.2,2.57,1264.0,47.6,adaptive_trail,depth<0.1_trail0.05,3,1.0,0.05,7,close,adaptive_trail_depth<0.1_trail0.05_D3_R1.0_T0.05_H7,259.4,-50.8,2.5,2237,47.6
129.3,-18.8,2.59,292.0,55.8,combo_bg,bounce_0.3_gap_0.05,3,2.0,0.03,10,close,combo_bg_bounce_0.3_gap_0.05_D3_R2.0_T0.03_H10,119.9,-20.0,2.49,530,53.8
251.1,-28.0,2.38,719.0,48.0,adaptive_trail,depth<0.1_trail0.04,4,1.0,0.04,10,close,adaptive_trail_depth<0.1_trail0.04_D4_R1.0_T0.04_H10,295.4,-34.8,2.49,1359,46.8
75.3,-7.7,2.67,227.0,55.9,combo_bg,bounce_0.4_gap_0.05,3,1.5,0.02,7,close,combo_bg_bounce_0.4_gap_0.05_D3_R1.5_T0.02_H7,67.3,-7.6,2.48,385,50.1
48.8,-6.7,2.21,119.0,62.6,combo_bg,bounce_0.3_gap_0.05,4,2.0,0.02,7,close,combo_bg_bounce_0.3_gap_0.05_D4_R2.0_T0.02_H7,64.8,-5.9,2.48,216,63.4
105.1,-18.8,2.41,255.0,53.1,combo_bg,bounce_0.3_gap_0.03,4,1.0,0.03,10,close,combo_bg_bounce_0.3_gap_0.03_D4_R1.0_T0.03_H10,148.2,-28.8,2.47,442,50.0
71.3,-11.4,2.26,191.0,56.1,bounce,bounce_0.3,4,1.5,0.03,10,close,bounce_bounce_0.3_D4_R1.5_T0.03_H10,92.2,-11.3,2.47,333,55.0
119.3,-20.6,2.4,284.0,55.9,adaptive_trail,depth<0.15_trail0.04,5,2.0,0.04,10,close,adaptive_trail_depth<0.15_trail0.04_D5_R2.0_T0.04_H10,135.3,-28.7,2.47,579,53.7
75.5,-7.7,2.68,227.0,56.2,combo_bg,bounce_0.4_gap_0.05,3,1.5,0.02,10,close,combo_bg_bounce_0.4_gap_0.05_D3_R1.5_T0.02_H10,65.0,-7.6,2.46,385,50.1
444.5,-41.0,2.84,1144.0,48.4,adaptive_trail,depth<0.15_trail0.05,3,1.5,0.05,7,close,adaptive_trail_depth<0.15_trail0.05_D3_R1.5_T0.05_H7,223.5,-43.1,2.45,2036,48.4
202.3,-27.3,2.58,488.0,51.5,adaptive_trail,depth<0.15_trail0.04,4,2.0,0.04,10,close,adaptive_trail_depth<0.15_trail0.04_D4_R2.0_T0.04_H10,163.9,-28.7,2.45,960,50.3
119.6,-21.7,2.49,392.0,50.8,combo_bg,bounce_0.4_gap_0.03,3,1.0,0.03,7,close,combo_bg_bounce_0.4_gap_0.03_D3_R1.0_T0.03_H7,110.5,-26.0,2.44,674,47.0
90.5,-19.5,2.37,255.0,52.4,combo_bg,bounce_0.3_gap_0.03,4,1.0,0.03,7,close,combo_bg_bounce_0.3_gap_0.03_D4_R1.0_T0.03_H7,126.6,-30.9,2.42,442,49.3
232.7,-37.1,2.18,719.0,47.5,adaptive_trail,depth<0.1_trail0.05,4,1.0,0.05,10,close,adaptive_trail_depth<0.1_trail0.05_D4_R1.0_T0.05_H10,304.9,-46.7,2.41,1359,48.0
49.5,-6.7,2.18,119.0,62.6,combo_bg,bounce_0.3_gap_0.05,4,2.0,0.02,10,close,combo_bg_bounce_0.3_gap_0.05_D4_R2.0_T0.02_H10,66.2,-5.9,2.41,216,63.4
85.2,-24.5,2.04,284.0,54.3,adaptive_trail,depth<0.15_trail0.05,5,2.0,0.05,7,close,adaptive_trail_depth<0.15_trail0.05_D5_R2.0_T0.05_H7,119.2,-30.3,2.4,579,55.6
57.0,-10.0,2.05,141.0,55.3,bounce,bounce_0.3,4,2.0,0.03,7,close,bounce_bounce_0.3_D4_R2.0_T0.03_H7,78.7,-9.7,2.4,261,56.3
92.5,-11.3,2.57,247.0,54.6,bounce,bounce_0.5,3,1.0,0.02,10,close,bounce_bounce_0.5_D3_R1.0_T0.02_H10,64.6,-13.3,2.36,425,48.7
59.8,-10.0,2.03,141.0,56.0,bounce,bounce_0.3,4,2.0,0.03,10,close,bounce_bounce_0.3_D4_R2.0_T0.03_H10,81.4,-9.7,2.36,261,56.3
146.3,-29.0,2.17,719.0,47.0,adaptive_trail,depth<0.1_trail0.04,4,1.0,0.04,7,close,adaptive_trail_depth<0.1_trail0.04_D4_R1.0_T0.04_H7,176.9,-35.3,2.36,1359,46.8
71.8,-7.8,2.56,252.0,53.1,bounce,bounce_0.4,3,1.5,0.02,7,close,bounce_bounce_0.4_D3_R1.5_T0.02_H7,59.9,-9.1,2.33,424,47.6
337.4,-38.8,2.56,846.0,48.4,adaptive_trail,depth<0.15_trail0.05,3,2.0,0.05,7,close,adaptive_trail_depth<0.15_trail0.05_D3_R2.0_T0.05_H7,193.3,-44.8,2.32,1578,48.5
87.2,-11.3,2.55,247.0,54.3,bounce,bounce_0.5,3,1.0,0.02,7,close,bounce_bounce_0.5_D3_R1.0_T0.02_H7,60.0,-13.3,2.31,425,48.7
89.2,-20.0,2.23,284.0,55.0,adaptive_trail,depth<0.15_trail0.04,5,2.0,0.04,7,close,adaptive_trail_depth<0.15_trail0.04_D5_R2.0_T0.04_H7,105.8,-26.8,2.31,579,53.5
71.8,-7.9,2.56,252.0,53.4,bounce,bounce_0.4,3,1.5,0.02,10,close,bounce_bounce_0.4_D3_R1.5_T0.02_H10,58.0,-9.5,2.3,424,47.6
130.9,-33.4,2.04,488.0,51.2,adaptive_trail,depth<0.15_trail0.05,4,2.0,0.05,7,close,adaptive_trail_depth<0.15_trail0.05_D4_R2.0_T0.05_H7,142.9,-34.7,2.26,960,52.2
476.0,-38.5,2.81,868.0,48.1,adaptive_trail,depth<0.1_trail0.04,3,1.5,0.04,10,close,adaptive_trail_depth<0.1_trail0.04_D3_R1.5_T0.04_H10,192.5,-45.7,2.24,1585,47.3
37.2,-4.8,2.17,84.0,64.5,bounce,bounce_0.3,5,1.5,0.02,7,close,bounce_bounce_0.3_D5_R1.5_T0.02_H7,42.1,-4.5,2.24,135,63.0
236.2,-11.8,2.82,324.0,55.7,momentum,ma10,3,1.0,0.03,10,close,momentum_ma10_D3_R1.0_T0.03_H10,122.4,-17.4,2.23,548,47.4
146.3,-26.8,2.35,488.0,51.1,adaptive_trail,depth<0.15_trail0.04,4,2.0,0.04,7,close,adaptive_trail_depth<0.15_trail0.04_D4_R2.0_T0.04_H7,123.3,-29.1,2.23,960,50.3
37.3,-4.8,2.16,84.0,64.5,bounce,bounce_0.3,5,1.5,0.02,10,close,bounce_bounce_0.3_D5_R1.5_T0.02_H10,42.2,-4.5,2.23,135,63.0
60.4,-14.2,2.09,170.0,57.2,combo_bg,bounce_0.3_gap_0.05,4,1.5,0.03,7,close,combo_bg_bounce_0.3_gap_0.05_D4_R1.5_T0.03_H7,80.6,-17.7,2.21,293,56.3
121.3,-23.9,2.42,381.0,53.3,adaptive_trail,depth<0.1_trail0.04,5,1.0,0.04,10,close,adaptive_trail_depth<0.1_trail0.04_D5_R1.0_T0.04_H10,113.4,-37.2,2.2,765,51.0
60.3,-7.9,2.42,202.0,54.4,combo_bg,bounce_0.4_gap_0.03,3,1.5,0.02,7,close,combo_bg_bounce_0.4_gap_0.03_D3_R1.5_T0.02_H7,47.5,-8.5,2.2,348,48.0
40.4,-5.9,2.11,105.0,63.1,combo_bg,bounce_0.3_gap_0.03,4,2.0,0.02,7,close,combo_bg_bounce_0.3_gap_0.03_D4_R2.0_T0.02_H7,46.1,-7.4,2.2,189,59.8
61.0,-7.9,2.44,202.0,54.7,combo_bg,bounce_0.4_gap_0.03,3,1.5,0.02,10,close,combo_bg_bounce_0.4_gap_0.03_D3_R1.5_T0.02_H10,46.3,-8.5,2.18,348,48.0
97.0,-19.2,2.2,247.0,52.3,bounce,bounce_0.5,3,1.0,0.03,10,close,bounce_bounce_0.5_D3_R1.0_T0.03_H10,82.7,-26.3,2.16,425,50.1
116.7,-35.6,1.83,719.0,47.2,adaptive_trail,depth<0.1_trail0.05,4,1.0,0.05,7,close,adaptive_trail_depth<0.1_trail0.05_D4_R1.0_T0.05_H7,158.6,-45.9,2.15,1359,48.5
63.8,-13.4,2.07,170.0,57.2,combo_bg,bounce_0.3_gap_0.05,4,1.5,0.03,10,close,combo_bg_bounce_0.3_gap_0.05_D4_R1.5_T0.03_H10,84.2,-15.4,2.12,293,56.3
41.2,-5.9,2.08,105.0,63.1,combo_bg,bounce_0.3_gap_0.03,4,2.0,0.02,10,close,combo_bg_bounce_0.3_gap_0.03_D4_R2.0_T0.02_H10,47.7,-7.4,2.12,189,59.8
28.4,-4.4,1.95,66.0,67.5,bounce,bounce_0.3,5,2.0,0.02,7,close,bounce_bounce_0.3_D5_R2.0_T0.02_H7,36.8,-4.7,2.11,117,63.2
221.6,-7.7,2.93,324.0,58.4,momentum,ma10,3,1.0,0.02,10,close,momentum_ma10_D3_R1.0_T0.02_H10,92.9,-10.4,2.1,548,47.4
139.5,-35.6,1.93,449.0,49.2,adaptive_trail,depth<0.1_trail0.05,4,1.5,0.05,10,close,adaptive_trail_depth<0.1_trail0.05_D4_R1.5_T0.05_H10,147.7,-47.4,2.1,884,49.2
28.3,-4.4,1.94,66.0,67.5,bounce,bounce_0.3,5,2.0,0.02,10,close,bounce_bounce_0.3_D5_R2.0_T0.02_H10,36.4,-4.7,2.09,117,63.2
32.4,-6.5,1.71,84.0,61.3,bounce,bounce_0.3,5,1.5,0.03,7,close,bounce_bounce_0.3_D5_R1.5_T0.03_H7,44.1,-4.8,2.07,135,65.2
41.6,-11.7,1.78,119.0,56.1,combo_bg,bounce_0.3_gap_0.05,4,2.0,0.03,7,close,combo_bg_bounce_0.3_gap_0.05_D4_R2.0_T0.03_H7,57.5,-11.6,2.06,216,57.9
205.8,-12.3,2.73,324.0,55.5,momentum,ma10,3,1.0,0.03,7,close,momentum_ma10_D3_R1.0_T0.03_H7,106.4,-17.4,2.06,548,47.1
30.2,-5.1,1.92,69.0,63.0,combo_bg,bounce_0.3_gap_0.05,5,1.5,0.02,10,close,combo_bg_bounce_0.3_gap_0.05_D5_R1.5_T0.02_H10,35.3,-2.6,2.05,108,63.9
29.7,-5.1,1.92,69.0,63.0,combo_bg,bounce_0.3_gap_0.05,5,1.5,0.02,7,close,combo_bg_bounce_0.3_gap_0.05_D5_R1.5_T0.02_H7,34.5,-2.6,2.05,108,63.9
81.6,-18.0,2.28,251.0,55.4,combo_bg,bounce_0.3_gap_0.03,3,2.0,0.03,7,close,combo_bg_bounce_0.3_gap_0.03_D3_R2.0_T0.03_H7,69.2,-22.2,2.04,456,50.4
204.3,-7.7,2.91,324.0,58.2,momentum,ma10,3,1.0,0.02,7,close,momentum_ma10_D3_R1.0_T0.02_H7,87.7,-10.4,2.04,548,47.4
90.1,-18.4,2.34,251.0,56.0,combo_bg,bounce_0.3_gap_0.03,3,2.0,0.03,10,close,combo_bg_bounce_0.3_gap_0.03_D3_R2.0_T0.03_H10,72.0,-23.2,2.04,456,50.9
82.4,-18.9,2.08,247.0,51.8,bounce,bounce_0.5,3,1.0,0.03,7,close,bounce_bounce_0.5_D3_R1.0_T0.03_H7,72.2,-25.6,2.03,425,49.9
459.5,-46.6,2.54,868.0,48.0,adaptive_trail,depth<0.1_trail0.05,3,1.5,0.05,10,close,adaptive_trail_depth<0.1_trail0.05_D3_R1.5_T0.05_H10,191.8,-65.3,2.03,1585,47.1
24.6,-7.3,1.51,66.0,59.8,bounce,bounce_0.3,5,2.0,0.03,7,close,bounce_bounce_0.3_D5_R2.0_T0.03_H7,40.4,-4.8,2.02,117,66.7
43.6,-11.0,1.78,119.0,56.9,combo_bg,bounce_0.3_gap_0.05,4,2.0,0.03,10,close,combo_bg_bounce_0.3_gap_0.05_D4_R2.0_T0.03_H10,58.8,-9.7,2.0,216,57.9
78.1,-23.4,1.9,223.0,55.1,adaptive_trail,depth<0.1_trail0.05,5,1.5,0.05,10,close,adaptive_trail_depth<0.1_trail0.05_D5_R1.5_T0.05_H10,91.2,-38.6,2.0,474,53.8
282.2,-38.0,2.66,868.0,47.5,adaptive_trail,depth<0.1_trail0.04,3,1.5,0.04,7,close,adaptive_trail_depth<0.1_trail0.04_D3_R1.5_T0.04_H7,121.8,-49.2,2.0,1585,47.1
33.9,-6.5,1.66,84.0,61.3,bounce,bounce_0.3,5,1.5,0.03,10,close,bounce_bounce_0.3_D5_R1.5_T0.03_H10,43.1,-4.8,2.0,135,65.2
42.5,-5.2,2.13,122.0,61.6,bounce,bounce_0.3,5,1.0,0.02,7,close,bounce_bounce_0.3_D5_R1.0_T0.02_H7,48.1,-4.7,2.0,198,59.6
131.9,-27.7,1.99,449.0,48.4,adaptive_trail,depth<0.1_trail0.04,4,1.5,0.04,10,close,adaptive_trail_depth<0.1_trail0.04_D4_R1.5_T0.04_H10,106.3,-42.6,1.99,884,48.6
70.4,-21.2,1.99,223.0,53.0,adaptive_trail,depth<0.1_trail0.04,5,1.5,0.04,10,close,adaptive_trail_depth<0.1_trail0.04_D5_R1.5_T0.04_H10,74.9,-34.0,1.99,474,51.9
39.4,-7.3,1.8,133.0,54.1,bounce,bounce_0.4,4,1.0,0.02,10,close,bounce_bounce_0.4_D4_R1.0_T0.02_H10,48.7,-6.9,1.99,224,55.8
42.5,-5.2,2.13,122.0,61.6,bounce,bounce_0.3,5,1.0,0.02,10,close,bounce_bounce_0.3_D5_R1.0_T0.02_H10,48.1,-4.7,1.99,198,59.6
38.9,-7.3,1.79,133.0,54.1,bounce,bounce_0.4,4,1.0,0.02,7,close,bounce_bounce_0.4_D4_R1.0_T0.02_H7,47.1,-6.9,1.98,224,55.8
26.1,-4.4,1.89,63.0,61.3,combo_bg,bounce_0.3_gap_0.03,5,1.5,0.02,10,close,combo_bg_bounce_0.3_gap_0.03_D5_R1.5_T0.02_H10,26.3,-2.6,1.92,98,58.2
24.6,-7.4,1.48,66.0,59.8,bounce,bounce_0.3,5,2.0,0.03,10,close,bounce_bounce_0.3_D5_R2.0_T0.03_H10,39.3,-4.8,1.92,117,66.7
115.6,-29.9,2.13,381.0,53.4,adaptive_trail,depth<0.1_trail0.05,5,1.0,0.05,10,close,adaptive_trail_depth<0.1_trail0.05_D5_R1.0_T0.05_H10,107.8,-47.7,1.92,765,51.8
51.2,-13.5,1.95,153.0,56.5,combo_bg,bounce_0.3_gap_0.03,4,1.5,0.03,7,close,combo_bg_bounce_0.3_gap_0.03_D4_R1.5_T0.03_H7,60.9,-15.5,1.92,263,54.0
25.7,-4.4,1.89,63.0,61.3,combo_bg,bounce_0.3_gap_0.03,5,1.5,0.02,7,close,combo_bg_bounce_0.3_gap_0.03_D5_R1.5_T0.02_H7,25.5,-2.6,1.92,98,58.2
23.3,-3.9,1.74,53.0,67.3,combo_bg,bounce_0.3_gap_0.05,5,2.0,0.02,7,close,combo_bg_bounce_0.3_gap_0.05_D5_R2.0_T0.02_H7,29.1,-2.5,1.91,89,65.2
23.3,-3.9,1.74,53.0,67.3,combo_bg,bounce_0.3_gap_0.05,5,2.0,0.02,10,close,combo_bg_bounce_0.3_gap_0.05_D5_R2.0_T0.02_H10,29.2,-2.5,1.9,89,65.2
38.5,-6.7,1.98,107.0,60.2,combo_bg,bounce_0.3_gap_0.05,5,1.0,0.02,10,close,combo_bg_bounce_0.3_gap_0.05_D5_R1.0_T0.02_H10,45.0,-6.1,1.89,170,60.0
38.2,-6.7,1.98,107.0,60.2,combo_bg,bounce_0.3_gap_0.05,5,1.0,0.02,7,close,combo_bg_bounce_0.3_gap_0.05_D5_R1.0_T0.02_H7,44.3,-6.1,1.88,170,60.0
36.4,-8.6,1.68,125.0,53.1,combo_bg,bounce_0.4_gap_0.05,4,1.0,0.02,10,close,combo_bg_bounce_0.4_gap_0.05_D4_R1.0_T0.02_H10,43.5,-8.8,1.85,207,54.1
54.9,-13.2,1.95,153.0,56.5,combo_bg,bounce_0.3_gap_0.03,4,1.5,0.03,10,close,combo_bg_bounce_0.3_gap_0.03_D4_R1.5_T0.03_H10,65.1,-14.5,1.85,263,54.0
113.5,-30.0,1.96,289.0,51.4,adaptive_trail,depth<0.1_trail0.05,4,2.0,0.05,10,close,adaptive_trail_depth<0.1_trail0.05_D4_R2.0_T0.05_H10,104.6,-45.8,1.85,611,48.6
35.9,-8.1,1.66,125.0,53.1,combo_bg,bounce_0.4_gap_0.05,4,1.0,0.02,7,close,combo_bg_bounce_0.4_gap_0.05_D4_R1.0_T0.02_H7,41.9,-7.3,1.83,207,54.1
73.1,-16.7,2.12,227.0,54.6,combo_bg,bounce_0.4_gap_0.05,3,1.5,0.03,10,close,combo_bg_bounce_0.4_gap_0.05_D3_R1.5_T0.03_H10,57.2,-20.0,1.83,385,50.6
193.6,-37.9,2.31,588.0,47.8,adaptive_trail,depth<0.1_trail0.04,3,2.0,0.04,10,close,adaptive_trail_depth<0.1_trail0.04_D3_R2.0_T0.04_H10,95.5,-51.5,1.82,1138,47.4
66.8,-16.2,2.1,227.0,54.1,combo_bg,bounce_0.4_gap_0.05,3,1.5,0.03,7,close,combo_bg_bounce_0.4_gap_0.05_D3_R1.5_T0.03_H7,53.4,-18.7,1.82,385,51.2
77.1,-24.3,2.02,381.0,51.2,adaptive_trail,depth<0.1_trail0.04,5,1.0,0.04,7,close,adaptive_trail_depth<0.1_trail0.04_D5_R1.0_T0.04_H7,73.9,-37.2,1.81,765,49.8
37.8,-10.4,1.7,122.0,58.1,bounce,bounce_0.3,5,1.0,0.03,7,close,bounce_bounce_0.3_D5_R1.0_T0.03_H7,49.1,-7.6,1.81,198,58.6
46.3,-18.7,1.78,151.0,56.3,adaptive_trail,depth<0.1_trail0.05,5,2.0,0.05,7,close,adaptive_trail_depth<0.1_trail0.05_D5_R2.0_T0.05_H7,54.6,-28.7,1.79,325,54.2
69.6,-21.2,1.9,151.0,57.6,adaptive_trail,depth<0.1_trail0.05,5,2.0,0.05,10,close,adaptive_trail_depth<0.1_trail0.05_D5_R2.0_T0.05_H10,70.8,-33.1,1.79,325,52.9
82.0,-34.2,1.61,449.0,48.2,adaptive_trail,depth<0.1_trail0.05,4,1.5,0.05,7,close,adaptive_trail_depth<0.1_trail0.05_D4_R1.5_T0.05_H7,88.9,-46.7,1.79,884,49.4
40.1,-10.4,1.7,122.0,58.7,bounce,bounce_0.3,5,1.0,0.03,10,close,bounce_bounce_0.3_D5_R1.0_T0.03_H10,48.4,-7.6,1.77,198,58.6
45.6,-8.4,2.09,166.0,52.5,bounce,bounce_0.4,3,2.0,0.02,7,close,bounce_bounce_0.4_D3_R2.0_T0.02_H7,35.4,-7.3,1.77,274,46.7
47.6,-19.9,1.7,223.0,50.5,adaptive_trail,depth<0.1_trail0.04,5,1.5,0.04,7,close,adaptive_trail_depth<0.1_trail0.04_D5_R1.5_T0.04_H7,55.3,-33.0,1.76,474,51.1
46.7,-22.4,1.58,223.0,52.7,adaptive_trail,depth<0.1_trail0.05,5,1.5,0.05,7,close,adaptive_trail_depth<0.1_trail0.05_D5_R1.5_T0.05_H7,58.6,-37.3,1.74,474,53.0
45.5,-8.4,2.08,166.0,52.5,bounce,bounce_0.4,3,2.0,0.02,10,close,bounce_bounce_0.4_D3_R2.0_T0.02_H10,34.2,-7.4,1.73,274,46.7
32.5,-8.3,1.6,119.0,52.3,combo_bg,bounce_0.4_gap_0.03,4,1.0,0.02,10,close,combo_bg_bounce_0.4_gap_0.03_D4_R1.0_T0.02_H10,34.6,-8.8,1.72,198,52.0
208.8,-44.5,2.13,588.0,47.5,adaptive_trail,depth<0.1_trail0.05,3,2.0,0.05,10,close,adaptive_trail_depth<0.1_trail0.05_D3_R2.0_T0.05_H10,111.8,-67.6,1.72,1138,46.4
19.0,-3.7,1.71,46.0,66.8,combo_bg,bounce_0.3_gap_0.03,5,2.0,0.02,7,close,combo_bg_bounce_0.3_gap_0.03_D5_R2.0_T0.02_H7,20.0,-4.0,1.72,77,59.7
19.1,-3.7,1.71,46.0,66.8,combo_bg,bounce_0.3_gap_0.03,5,2.0,0.02,10,close,combo_bg_bounce_0.3_gap_0.03_D5_R2.0_T0.02_H10,20.1,-4.0,1.71,77,59.7
21.7,-8.0,1.42,69.0,61.4,combo_bg,bounce_0.3_gap_0.05,5,1.5,0.03,7,close,combo_bg_bounce_0.3_gap_0.05_D5_R1.5_T0.03_H7,28.4,-3.8,1.7,108,64.8
31.9,-7.8,1.58,119.0,52.3,combo_bg,bounce_0.4_gap_0.03,4,1.0,0.02,7,close,combo_bg_bounce_0.4_gap_0.03_D4_R1.0_T0.02_H7,32.7,-7.3,1.69,198,52.0
113.9,-10.3,2.2,142.0,62.3,momentum,ma10,3,1.5,0.03,10,close,momentum_ma10_D3_R1.5_T0.03_H10,50.4,-14.5,1.68,227,54.2
39.2,-9.6,1.71,105.0,56.3,combo_bg,bounce_0.3_gap_0.03,4,2.0,0.03,10,close,combo_bg_bounce_0.3_gap_0.03_D4_R2.0_T0.03_H10,46.5,-9.8,1.67,189,53.4
37.3,-9.4,1.69,105.0,55.4,combo_bg,bounce_0.3_gap_0.03,4,2.0,0.03,7,close,combo_bg_bounce_0.3_gap_0.03_D4_R2.0_T0.03_H7,45.2,-9.2,1.67,189,53.4
86.6,-28.5,1.74,449.0,47.3,adaptive_trail,depth<0.1_trail0.04,4,1.5,0.04,7,close,adaptive_trail_depth<0.1_trail0.04_D4_R1.5_T0.04_H7,74.3,-45.0,1.67,884,48.4
94.0,-22.6,1.98,289.0,51.0,adaptive_trail,depth<0.1_trail0.04,4,2.0,0.04,10,close,adaptive_trail_depth<0.1_trail0.04_D4_R2.0_T0.04_H10,66.1,-34.7,1.66,611,49.4
33.4,-6.5,1.94,99.0,59.3,combo_bg,bounce_0.3_gap_0.03,5,1.0,0.02,10,close,combo_bg_bounce_0.3_gap_0.03_D5_R1.0_T0.02_H10,33.9,-6.2,1.65,160,56.2
72.2,-30.5,1.72,289.0,50.8,adaptive_trail,depth<0.1_trail0.05,4,2.0,0.05,7,close,adaptive_trail_depth<0.1_trail0.05_D4_R2.0_T0.05_H7,64.9,-51.6,1.65,611,50.4
56.9,-17.2,1.84,151.0,56.2,adaptive_trail,depth<0.1_trail0.04,5,2.0,0.04,10,close,adaptive_trail_depth<0.1_trail0.04_D5_R2.0_T0.04_H10,50.1,-28.2,1.64,325,52.0
234.9,-43.1,2.19,868.0,47.7,adaptive_trail,depth<0.1_trail0.05,3,1.5,0.05,7,close,adaptive_trail_depth<0.1_trail0.05_D3_R1.5_T0.05_H7,96.7,-63.1,1.64,1585,47.4
33.1,-6.4,1.94,99.0,59.3,combo_bg,bounce_0.3_gap_0.03,5,1.0,0.02,7,close,combo_bg_bounce_0.3_gap_0.03_D5_R1.0_T0.02_H7,33.2,-6.1,1.64,160,56.2
23.4,-8.2,1.4,69.0,61.4,combo_bg,bounce_0.3_gap_0.05,5,1.5,0.03,10,close,combo_bg_bounce_0.3_gap_0.05_D5_R1.5_T0.03_H10,27.8,-4.2,1.63,108,64.8
35.6,-11.9,1.44,133.0,52.5,bounce,bounce_0.4,4,1.0,0.03,10,close,bounce_bounce_0.4_D4_R1.0_T0.03_H10,45.9,-10.6,1.61,224,52.2
15.5,-7.1,1.21,53.0,59.7,combo_bg,bounce_0.3_gap_0.05,5,2.0,0.03,7,close,combo_bg_bounce_0.3_gap_0.05_D5_R2.0_T0.03_H7,24.4,-3.8,1.6,89,67.4
43.1,-16.5,1.76,151.0,53.9,adaptive_trail,depth<0.1_trail0.04,5,2.0,0.04,7,close,adaptive_trail_depth<0.1_trail0.04_D5_R2.0_T0.04_H7,43.6,-26.6,1.6,325,51.4
64.8,-17.5,1.9,252.0,51.3,bounce,bounce_0.4,3,1.5,0.03,10,close,bounce_bounce_0.4_D3_R1.5_T0.03_H10,46.8,-21.4,1.6,424,47.6
59.4,-17.5,1.89,252.0,50.9,bounce,bounce_0.4,3,1.5,0.03,7,close,bounce_bounce_0.4_D3_R1.5_T0.03_H7,44.1,-21.4,1.59,424,48.1
42.6,-7.6,2.04,142.0,55.1,combo_bg,bounce_0.4_gap_0.05,3,2.0,0.02,7,close,combo_bg_bounce_0.4_gap_0.05_D3_R2.0_T0.02_H7,29.3,-6.6,1.58,237,46.8
104.4,-10.6,2.12,142.0,62.2,momentum,ma10,3,1.5,0.03,7,close,momentum_ma10_D3_R1.5_T0.03_H7,44.3,-15.4,1.57,227,55.1
106.4,-5.5,2.28,142.0,60.5,momentum,ma10,3,1.5,0.02,10,close,momentum_ma10_D3_R1.5_T0.02_H10,38.5,-8.8,1.57,227,50.2
36.3,-5.7,1.92,123.0,56.2,bounce,bounce_0.5,3,1.5,0.02,10,close,bounce_bounce_0.5_D3_R1.5_T0.02_H10,21.4,-8.7,1.57,216,46.8
133.1,-35.3,2.06,588.0,47.1,adaptive_trail,depth<0.1_trail0.04,3,2.0,0.04,7,close,adaptive_trail_depth<0.1_trail0.04_D3_R2.0_T0.04_H7,71.2,-46.3,1.56,1138,46.6
30.9,-11.9,1.5,107.0,58.5,combo_bg,bounce_0.3_gap_0.05,5,1.0,0.03,7,close,combo_bg_bounce_0.3_gap_0.05_D5_R1.0_T0.03_H7,40.0,-10.2,1.56,170,57.6
35.6,-5.7,1.9,123.0,55.6,bounce,bounce_0.5,3,1.5,0.02,7,close,bounce_bounce_0.5_D3_R1.5_T0.02_H7,20.9,-8.7,1.56,216,46.8
31.7,-11.9,1.36,133.0,50.9,bounce,bounce_0.4,4,1.0,0.03,7,close,bounce_bounce_0.4_D4_R1.0_T0.03_H7,42.4,-10.6,1.55,224,51.3
101.9,-5.6,2.24,142.0,60.0,momentum,ma10,3,1.5,0.02,7,close,momentum_ma10_D3_R1.5_T0.02_H7,37.5,-8.8,1.55,227,50.2
42.6,-7.6,2.03,142.0,55.1,combo_bg,bounce_0.4_gap_0.05,3,2.0,0.02,10,close,combo_bg_bounce_0.4_gap_0.05_D3_R2.0_T0.02_H10,28.2,-6.6,1.54,237,46.8
61.9,-17.9,1.89,202.0,53.3,combo_bg,bounce_0.4_gap_0.03,3,1.5,0.03,10,close,combo_bg_bounce_0.4_gap_0.03_D3_R1.5_T0.03_H10,39.7,-26.9,1.53,348,47.4
33.4,-12.1,1.52,107.0,59.2,combo_bg,bounce_0.3_gap_0.05,5,1.0,0.03,10,close,combo_bg_bounce_0.3_gap_0.05_D5_R1.0_T0.03_H10,39.8,-10.8,1.53,170,57.6
19.7,-7.0,1.4,63.0,60.8,combo_bg,bounce_0.3_gap_0.03,5,1.5,0.03,7,close,combo_bg_bounce_0.3_gap_0.03_D5_R1.5_T0.03_H7,21.5,-3.8,1.53,98,59.2
55.4,-17.8,1.87,202.0,52.8,combo_bg,bounce_0.4_gap_0.03,3,1.5,0.03,7,close,combo_bg_bounce_0.4_gap_0.03_D3_R1.5_T0.03_H7,36.7,-26.5,1.52,348,48.0
15.8,-7.2,1.18,53.0,59.7,combo_bg,bounce_0.3_gap_0.05,5,2.0,0.03,10,close,combo_bg_bounce_0.3_gap_0.05_D5_R2.0_T0.03_H10,23.6,-4.2,1.52,89,67.4
23.8,-5.6,1.6,80.0,55.5,bounce,bounce_0.4,4,1.5,0.02,7,close,bounce_bounce_0.4_D4_R1.5_T0.02_H7,26.4,-8.3,1.48,130,54.6
21.4,-7.2,1.36,63.0,60.8,combo_bg,bounce_0.3_gap_0.03,5,1.5,0.03,10,close,combo_bg_bounce_0.3_gap_0.03_D5_R1.5_T0.03_H10,21.0,-4.2,1.46,98,59.2
18.1,-5.0,1.32,55.0,55.9,bounce,bounce_0.5,4,1.0,0.02,10,close,bounce_bounce_0.5_D4_R1.0_T0.02_H10,24.8,-6.4,1.46,94,56.4
23.0,-5.7,1.57,80.0,55.5,bounce,bounce_0.4,4,1.5,0.02,10,close,bounce_bounce_0.4_D4_R1.5_T0.02_H10,24.8,-8.6,1.44,130,54.6
32.9,-15.3,1.39,125.0,52.2,combo_bg,bounce_0.4_gap_0.05,4,1.0,0.03,10,close,combo_bg_bounce_0.4_gap_0.05_D4_R1.0_T0.03_H10,38.5,-17.9,1.44,207,50.2
122.9,-40.7,1.78,588.0,47.7,adaptive_trail,depth<0.1_trail0.05,3,2.0,0.05,7,close,adaptive_trail_depth<0.1_trail0.05_D3_R2.0_T0.05_H7,71.4,-63.1,1.44,1138,46.9
64.5,-28.7,1.68,381.0,52.0,adaptive_trail,depth<0.1_trail0.05,5,1.0,0.05,7,close,adaptive_trail_depth<0.1_trail0.05_D5_R1.0_T0.05_H7,56.6,-46.4,1.41,765,50.8
68.1,-23.9,1.76,289.0,49.6,adaptive_trail,depth<0.1_trail0.04,4,2.0,0.04,7,close,adaptive_trail_depth<0.1_trail0.04_D4_R2.0_T0.04_H7,46.4,-42.2,1.41,611,49.1
13.4,-5.5,1.23,46.0,60.3,combo_bg,bounce_0.3_gap_0.03,5,2.0,0.03,7,close,combo_bg_bounce_0.3_gap_0.03_D5_R2.0_T0.03_H7,17.6,-3.8,1.41,77,62.3
17.0,-5.0,1.29,55.0,55.9,bounce,bounce_0.5,4,1.0,0.02,7,close,bounce_bounce_0.5_D4_R1.0_T0.02_H7,22.6,-6.3,1.4,94,56.4
20.6,-8.4,1.16,55.0,53.5,bounce,bounce_0.5,4,1.0,0.03,10,close,bounce_bounce_0.5_D4_R1.0_T0.03_H10,29.3,-10.1,1.39,94,58.5
29.0,-15.1,1.29,125.0,50.5,combo_bg,bounce_0.4_gap_0.05,4,1.0,0.03,7,close,combo_bg_bounce_0.4_gap_0.05_D4_R1.0_T0.03_H7,35.4,-17.4,1.37,207,49.3
28.7,-10.4,1.53,99.0,58.1,combo_bg,bounce_0.3_gap_0.03,5,1.0,0.03,7,close,combo_bg_bounce_0.3_gap_0.03_D5_R1.0_T0.03_H7,31.5,-10.2,1.36,160,53.1
31.2,-10.6,1.54,99.0,58.8,combo_bg,bounce_0.3_gap_0.03,5,1.0,0.03,10,close,combo_bg_bounce_0.3_gap_0.03_D5_R1.0_T0.03_H10,31.3,-10.8,1.33,160,53.1
13.6,-5.7,1.19,46.0,60.3,combo_bg,bounce_0.3_gap_0.03,5,2.0,0.03,10,close,combo_bg_bounce_0.3_gap_0.03_D5_R2.0_T0.03_H10,16.9,-4.5,1.31,77,62.3
20.4,-5.6,1.41,72.0,53.5,combo_bg,bounce_0.4_gap_0.05,4,1.5,0.02,7,close,combo_bg_bounce_0.4_gap_0.05_D4_R1.5_T0.02_H7,22.0,-8.8,1.3,113,52.2
16.5,-7.9,1.02,55.0,50.6,bounce,bounce_0.5,4,1.0,0.03,7,close,bounce_bounce_0.5_D4_R1.0_T0.03_H7,26.1,-8.7,1.3,94,56.4
31.8,-7.7,1.78,123.0,54.1,combo_bg,bounce_0.4_gap_0.03,3,2.0,0.02,7,close,combo_bg_bounce_0.4_gap_0.03_D3_R2.0_T0.02_H7,16.8,-8.2,1.27,207,44.0
15.5,-5.6,1.42,52.0,58.6,momentum,ma10,4,1.0,0.02,10,close,momentum_ma10_D4_R1.0_T0.02_H10,17.2,-9.8,1.26,97,51.5
19.7,-5.6,1.38,72.0,53.5,combo_bg,bounce_0.4_gap_0.05,4,1.5,0.02,10,close,combo_bg_bounce_0.4_gap_0.05_D4_R1.5_T0.02_H10,20.5,-8.8,1.25,113,52.2
28.5,-14.6,1.26,119.0,51.0,combo_bg,bounce_0.4_gap_0.03,4,1.0,0.03,10,close,combo_bg_bounce_0.4_gap_0.03_D4_R1.0_T0.03_H10,28.5,-17.6,1.23,198,48.0
32.1,-7.5,1.77,123.0,54.1,combo_bg,bounce_0.4_gap_0.03,3,2.0,0.02,10,close,combo_bg_bounce_0.4_gap_0.03_D3_R2.0_T0.02_H10,16.2,-8.2,1.23,207,44.0
14.4,-5.6,1.4,52.0,58.6,momentum,ma10,4,1.0,0.02,7,close,momentum_ma10_D4_R1.0_T0.02_H7,14.9,-9.8,1.18,97,51.5
34.7,-12.7,1.47,123.0,53.6,bounce,bounce_0.5,3,1.5,0.03,10,close,bounce_bounce_0.5_D3_R1.5_T0.03_H10,18.3,-22.7,1.16,216,50.9
24.5,-14.4,1.15,119.0,49.2,combo_bg,bounce_0.4_gap_0.03,4,1.0,0.03,7,close,combo_bg_bounce_0.4_gap_0.03_D4_R1.0_T0.03_H7,25.4,-17.0,1.15,198,47.0
19.6,-7.6,1.33,83.0,50.1,bounce,bounce_0.5,3,2.0,0.02,10,close,bounce_bounce_0.5_D3_R2.0_T0.02_H10,14.1,-9.4,1.14,148,43.2
7.3,-3.7,0.87,19.0,59.3,bounce,bounce_0.5,5,1.0,0.03,7,close,bounce_bounce_0.5_D5_R1.0_T0.03_H7,11.4,-3.6,1.14,32,68.8
19.4,-7.5,1.33,83.0,50.1,bounce,bounce_0.5,3,2.0,0.02,7,close,bounce_bounce_0.5_D3_R2.0_T0.02_H7,13.7,-9.3,1.12,148,43.2
17.8,-4.9,1.43,56.0,58.4,bounce,bounce_0.4,4,2.0,0.02,7,close,bounce_bounce_0.4_D4_R2.0_T0.02_H7,15.8,-9.1,1.12,90,53.3
31.3,-12.5,1.4,123.0,53.3,bounce,bounce_0.5,3,1.5,0.03,7,close,bounce_bounce_0.5_D3_R1.5_T0.03_H7,16.6,-21.9,1.11,216,51.4
17.2,-5.0,1.41,56.0,58.4,bounce,bounce_0.4,4,2.0,0.02,10,close,bounce_bounce_0.4_D4_R2.0_T0.02_H10,14.9,-9.4,1.07,90,53.3
8.1,-4.2,1.0,19.0,63.3,bounce,bounce_0.5,5,1.0,0.03,10,close,bounce_bounce_0.5_D5_R1.0_T0.03_H10,10.5,-5.1,1.06,32,68.8
35.6,-16.6,1.47,166.0,49.4,bounce,bounce_0.4,3,2.0,0.03,7,close,bounce_bounce_0.4_D3_R2.0_T0.03_H7,20.0,-19.0,1.02,274,46.7
15.8,-8.0,1.14,52.0,52.5,momentum,ma10,4,1.0,0.03,10,close,momentum_ma10_D4_R1.0_T0.03_H10,15.8,-12.2,1.01,97,43.3
37.7,-16.6,1.48,166.0,50.0,bounce,bounce_0.4,3,2.0,0.03,10,close,bounce_bounce_0.4_D3_R2.0_T0.03_H10,20.1,-18.8,1.0,274,46.7
38.5,-15.5,1.58,142.0,52.6,combo_bg,bounce_0.4_gap_0.05,3,2.0,0.03,7,close,combo_bg_bounce_0.4_gap_0.05_D3_R2.0_T0.03_H7,19.2,-22.0,1.0,237,47.7
41.5,-15.2,1.61,142.0,53.2,combo_bg,bounce_0.4_gap_0.05,3,2.0,0.03,10,close,combo_bg_bounce_0.4_gap_0.05_D3_R2.0_T0.03_H10,20.4,-21.1,1.0,237,47.7
16.3,-6.5,1.23,65.0,51.5,combo_bg,bounce_0.4_gap_0.03,4,1.5,0.02,7,close,combo_bg_bounce_0.4_gap_0.03_D4_R1.5_T0.02_H7,13.3,-11.4,0.98,100,47.0
17.5,-8.6,1.15,80.0,54.5,bounce,bounce_0.4,4,1.5,0.03,7,close,bounce_bounce_0.4_D4_R1.5_T0.03_H7,17.0,-13.9,0.96,130,50.0
15.7,-6.5,1.19,65.0,51.5,combo_bg,bounce_0.4_gap_0.03,4,1.5,0.02,10,close,combo_bg_bounce_0.4_gap_0.03_D4_R1.5_T0.02_H10,12.3,-11.4,0.94,100,47.0
11.5,-7.5,0.97,47.0,60.1,bounce,bounce_0.4,5,1.0,0.03,7,close,bounce_bounce_0.4_D5_R1.0_T0.03_H7,10.7,-8.1,0.89,65,58.5
6.9,-6.7,0.84,26.0,61.4,bounce,bounce_0.4,5,2.0,0.03,7,close,bounce_bounce_0.4_D5_R2.0_T0.03_H7,8.4,-10.0,0.89,38,57.9
17.2,-8.8,1.13,80.0,55.4,bounce,bounce_0.4,4,1.5,0.03,10,close,bounce_bounce_0.4_D4_R1.5_T0.03_H10,15.9,-14.4,0.89,130,50.0
15.7,-9.6,1.15,56.0,54.8,bounce,bounce_0.4,4,2.0,0.03,7,close,bounce_bounce_0.4_D4_R2.0_T0.03_H7,13.5,-15.6,0.88,90,46.7
44.6,-6.3,1.41,70.0,56.4,momentum,ma10,3,2.0,0.02,10,close,momentum_ma10_D3_R2.0_T0.02_H10,15.8,-11.9,0.88,111,43.2
5.9,-2.8,0.86,19.0,54.9,bounce,bounce_0.5,5,1.0,0.02,7,close,bounce_bounce_0.5_D5_R1.0_T0.02_H7,6.6,-3.9,0.87,32,53.1
42.8,-6.4,1.39,70.0,56.4,momentum,ma10,3,2.0,0.02,7,close,momentum_ma10_D3_R2.0_T0.02_H7,15.2,-11.9,0.86,111,43.2
5.8,-2.8,0.85,19.0,54.9,bounce,bounce_0.5,5,1.0,0.02,10,close,bounce_bounce_0.5_D5_R1.0_T0.02_H10,6.4,-3.9,0.85,32,53.1
13.9,-8.2,1.04,52.0,50.7,momentum,ma10,4,1.0,0.03,7,close,momentum_ma10_D4_R1.0_T0.03_H7,11.9,-12.3,0.83,97,41.2
15.6,-10.2,1.13,56.0,56.3,bounce,bounce_0.4,4,2.0,0.03,10,close,bounce_bounce_0.4_D4_R2.0_T0.03_H10,12.8,-16.8,0.82,90,46.7
12.1,-4.9,1.15,47.0,54.0,bounce,bounce_0.4,5,1.0,0.02,7,close,bounce_bounce_0.4_D5_R1.0_T0.02_H7,6.8,-6.3,0.82,65,47.7
12.2,-8.2,1.03,47.0,61.9,bounce,bounce_0.4,5,1.0,0.03,10,close,bounce_bounce_0.4_D5_R1.0_T0.03_H10,9.8,-10.3,0.81,65,58.5
11.9,-4.9,1.15,47.0,54.0,bounce,bounce_0.4,5,1.0,0.02,10,close,bounce_bounce_0.4_D5_R1.0_T0.02_H10,6.8,-6.4,0.81,65,47.7
7.0,-7.5,0.82,26.0,61.4,bounce,bounce_0.4,5,2.0,0.03,10,close,bounce_bounce_0.4_D5_R2.0_T0.03_H10,7.6,-12.2,0.79,38,57.9
8.4,-3.8,1.14,26.0,56.3,bounce,bounce_0.4,5,2.0,0.02,7,close,bounce_bounce_0.4_D5_R2.0_T0.02_H7,6.0,-7.2,0.76,38,47.4
13.1,-5.9,1.17,46.0,55.2,combo_bg,bounce_0.4_gap_0.05,4,2.0,0.02,7,close,combo_bg_bounce_0.4_gap_0.05_D4_R2.0_T0.02_H7,9.3,-8.0,0.76,70,48.6
8.4,-3.8,1.13,26.0,56.3,bounce,bounce_0.4,5,2.0,0.02,10,close,bounce_bounce_0.4_D5_R2.0_T0.02_H10,5.8,-7.2,0.75,38,47.4
8.3,-5.2,0.95,27.0,59.1,bounce,bounce_0.5,4,1.5,0.02,7,close,bounce_bounce_0.5_D4_R1.5_T0.02_H7,7.2,-9.9,0.73,46,45.7
14.4,-9.8,1.0,72.0,52.5,combo_bg,bounce_0.4_gap_0.05,4,1.5,0.03,7,close,combo_bg_bounce_0.4_gap_0.05_D4_R1.5_T0.03_H7,11.9,-14.7,0.73,113,46.9
8.3,-5.2,0.94,27.0,59.1,bounce,bounce_0.5,4,1.5,0.02,10,close,bounce_bounce_0.5_D4_R1.5_T0.02_H10,7.1,-10.0,0.72,46,45.7
12.7,-5.9,1.15,46.0,55.2,combo_bg,bounce_0.4_gap_0.05,4,2.0,0.02,10,close,combo_bg_bounce_0.4_gap_0.05_D4_R2.0_T0.02_H10,8.5,-8.0,0.72,70,48.6
6.4,-7.0,0.78,31.0,60.3,bounce,bounce_0.4,5,1.5,0.03,7,close,bounce_bounce_0.4_D5_R1.5_T0.03_H7,6.2,-10.0,0.71,45,53.3
8.3,-4.5,1.07,31.0,51.6,bounce,bounce_0.4,5,1.5,0.02,7,close,bounce_bounce_0.4_D5_R1.5_T0.02_H7,5.4,-7.0,0.69,45,44.4
8.2,-4.5,1.07,31.0,51.6,bounce,bounce_0.4,5,1.5,0.02,10,close,bounce_bounce_0.4_D5_R1.5_T0.02_H10,5.3,-7.0,0.68,45,44.4
14.3,-9.8,1.0,72.0,53.6,combo_bg,bounce_0.4_gap_0.05,4,1.5,0.03,10,close,combo_bg_bounce_0.4_gap_0.05_D4_R1.5_T0.03_H10,10.8,-14.7,0.67,113,46.9
4.9,-4.5,0.75,19.0,52.1,bounce,bounce_0.5,4,2.0,0.02,7,close,bounce_bounce_0.5_D4_R2.0_T0.02_H7,5.0,-7.8,0.65,34,41.2
4.8,-4.5,0.74,19.0,52.1,bounce,bounce_0.5,4,2.0,0.02,10,close,bounce_bounce_0.5_D4_R2.0_T0.02_H10,4.8,-7.8,0.63,34,41.2
6.6,-7.7,0.77,31.0,60.3,bounce,bounce_0.4,5,1.5,0.03,10,close,bounce_bounce_0.4_D5_R1.5_T0.03_H10,5.4,-12.2,0.62,45,53.3
12.4,-9.6,1.0,46.0,51.5,combo_bg,bounce_0.4_gap_0.05,4,2.0,0.03,7,close,combo_bg_bounce_0.4_gap_0.05_D4_R2.0_T0.03_H7,8.2,-13.7,0.61,70,40.0
12.8,-9.8,1.0,46.0,53.2,combo_bg,bounce_0.4_gap_0.05,4,2.0,0.03,10,close,combo_bg_bounce_0.4_gap_0.05_D4_R2.0_T0.03_H10,8.1,-14.3,0.57,70,40.0
17.4,-12.8,0.89,83.0,48.8,bounce,bounce_0.5,3,2.0,0.03,10,close,bounce_bounce_0.5_D3_R2.0_T0.03_H10,7.0,-19.9,0.56,148,48.6
8.4,-6.8,0.8,39.0,58.8,combo_bg,bounce_0.4_gap_0.05,5,1.0,0.03,7,close,combo_bg_bounce_0.4_gap_0.05_D5_R1.0_T0.03_H7,5.2,-6.1,0.53,50,52.0
9.5,-5.2,0.94,39.0,51.2,combo_bg,bounce_0.4_gap_0.05,5,1.0,0.02,7,close,combo_bg_bounce_0.4_gap_0.05_D5_R1.0_T0.02_H7,3.1,-5.3,0.5,50,42.0
9.2,-5.2,0.93,39.0,51.2,combo_bg,bounce_0.4_gap_0.05,5,1.0,0.02,10,close,combo_bg_bounce_0.4_gap_0.05_D5_R1.0_T0.02_H10,3.0,-5.3,0.48,50,42.0
6.5,-7.1,0.7,27.0,54.2,bounce,bounce_0.5,4,1.5,0.03,7,close,bounce_bounce_0.5_D4_R1.5_T0.03_H7,4.8,-14.9,0.47,46,45.7
4.2,-6.2,0.57,19.0,52.1,bounce,bounce_0.5,4,2.0,0.03,7,close,bounce_bounce_0.5_D4_R2.0_T0.03_H7,3.6,-12.0,0.45,34,47.1
9.0,-7.6,0.86,39.0,60.6,combo_bg,bounce_0.4_gap_0.05,5,1.0,0.03,10,close,combo_bg_bounce_0.4_gap_0.05_D5_R1.0_T0.03_H10,4.1,-8.6,0.44,50,52.0
9.1,-6.4,0.9,37.0,59.1,combo_bg,bounce_0.4_gap_0.03,5,1.0,0.03,7,close,combo_bg_bounce_0.4_gap_0.03_D5_R1.0_T0.03_H7,4.1,-8.1,0.44,48,47.9
5.9,-3.8,0.92,20.0,53.5,combo_bg,bounce_0.4_gap_0.05,5,2.0,0.02,7,close,combo_bg_bounce_0.4_gap_0.05_D5_R2.0_T0.02_H7,2.2,-5.9,0.4,26,38.5
6.4,-7.6,0.66,27.0,54.2,bounce,bounce_0.5,4,1.5,0.03,10,close,bounce_bounce_0.5_D4_R1.5_T0.03_H10,3.9,-16.2,0.39,46,45.7
5.9,-3.8,0.92,20.0,53.5,combo_bg,bounce_0.4_gap_0.05,5,2.0,0.02,10,close,combo_bg_bounce_0.4_gap_0.05_D5_R2.0_T0.02_H10,2.2,-5.9,0.39,26,38.5
9.7,-7.3,0.94,37.0,60.9,combo_bg,bounce_0.4_gap_0.03,5,1.0,0.03,10,close,combo_bg_bounce_0.4_gap_0.03_D5_R1.0_T0.03_H10,3.1,-10.7,0.34,48,47.9
4.0,-6.7,0.55,19.0,52.1,bounce,bounce_0.5,4,2.0,0.03,10,close,bounce_bounce_0.5_D4_R2.0_T0.03_H10,2.5,-13.4,0.33,34,47.1
9.6,-4.5,0.94,37.0,50.9,combo_bg,bounce_0.4_gap_0.03,5,1.0,0.02,7,close,combo_bg_bounce_0.4_gap_0.03_D5_R1.0_T0.02_H7,1.8,-5.3,0.31,48,37.5
9.4,-4.6,0.94,37.0,50.9,combo_bg,bounce_0.4_gap_0.03,5,1.0,0.02,10,close,combo_bg_bounce_0.4_gap_0.03_D5_R1.0_T0.02_H10,1.6,-5.7,0.29,48,37.5
5.5,-4.5,0.82,25.0,46.9,combo_bg,bounce_0.4_gap_0.05,5,1.5,0.02,7,close,combo_bg_bounce_0.4_gap_0.05_D5_R1.5_T0.02_H7,1.1,-5.9,0.22,32,31.2
5.5,-4.5,0.82,25.0,46.9,combo_bg,bounce_0.4_gap_0.05,5,1.5,0.02,10,close,combo_bg_bounce_0.4_gap_0.05_D5_R1.5_T0.02_H10,1.1,-5.9,0.21,32,31.2
5.4,-3.4,0.86,17.0,54.2,combo_bg,bounce_0.4_gap_0.03,5,2.0,0.02,7,close,combo_bg_bounce_0.4_gap_0.03_D5_R2.0_T0.02_H7,0.2,-6.9,0.07,22,27.3
5.4,-3.4,0.86,17.0,54.2,combo_bg,bounce_0.4_gap_0.03,5,2.0,0.02,10,close,combo_bg_bounce_0.4_gap_0.03_D5_R2.0_T0.02_H10,0.2,-6.9,0.07,22,27.3
8.9,-5.8,0.93,41.0,54.3,combo_bg,bounce_0.4_gap_0.03,4,2.0,0.02,7,close,combo_bg_bounce_0.4_gap_0.03_D4_R2.0_T0.02_H7,0.1,-9.8,0.04,58,41.4
